Time,Va_B5,Vb_B5,Vc_B5,Ia_B5,Ib_B5,Ic_B5
0,-0.108969165141358,-0.781900550279603,0.890869715420961,-0.110509972858351,-0.410497078035495,0.521007050893846
0.005,0.947814768432078,-0.579255559597429,-0.368559208834645,0.518869302862115,-0.3663099710338,-0.152559331828314
0.01,0.134788036975401,0.762584698247458,-0.89737273522286,0.143177660028878,0.384837077831674,-0.528014737860552
0.015,-0.969659764794769,0.592920921990116,0.37673884280465,-0.530150069664196,0.387030665434894,0.143119404229302
0.02,-0.113965562965339,-0.774046177640022,0.888011740605362,-0.13604713413955,-0.389710103370327,0.525757237509876
0.025,0.948559798533302,-0.581979539740091,-0.366580258793209,0.528616284962526,-0.382331320922389,-0.146284964040137
0.03,0.135757182226783,0.762869651283353,-0.898626833510135,0.137418598510444,0.389502228985883,-0.526920827496327
0.035,-0.970977618950643,0.593644636766689,0.37733298218395,-0.529098317607816,0.383168773626925,0.14592954398089
0.04,-0.113036765274788,-0.775002938763035,0.888039704037825,-0.136092985570194,-0.389366957834747,0.525459943404941
0.045,0.948409116688902,-0.581213402849517,-0.367195713839383,0.527277173178761,-0.38258647518674,-0.144690697992021
0.05,0.134944366796431,0.762522160657662,-0.897466527454094,0.13890995492455,0.388665869292092,-0.527575824216642
0.055,-0.969141472385388,0.593460126697079,0.375681345688306,-0.530869149780062,0.383939119387359,0.146930030392702
0.06,-0.115873847101459,-0.774243890567763,0.890117737669223,-0.13448306778354,-0.390412933303127,0.524896001086668
0.065,0.952168195974364,-0.582542829318651,-0.36962536665571,0.5258045402808,-0.381672956901468,-0.144131583379331
0.07,0.130382396065382,0.764385423653668,-0.89476781971905,0.140077433206174,0.387780154545856,-0.52785758775203
0.075,-0.963924221744895,0.591122938210287,0.372801283534605,-0.531728905442548,0.384646081618056,0.147082823824492
0.08,-0.121579401981949,-0.771509646450159,0.893089048432109,-0.133991890368321,-0.39096936924435,0.524961259612671
0.085,0.958183536812683,-0.585585290665324,-0.372598246147356,0.525678203651388,-0.381322477508992,-0.144355726142397
0.09,0.124240321875459,0.767639584805255,-0.891879906680714,0.139830469035549,0.387625230520076,-0.527455699555626
0.095,-0.957836572360005,0.587757414447315,0.370079157912686,-0.531129687016124,0.384591521420839,0.146538165595284
0.1,-0.127439244850881,-0.768133340772727,0.895572585623608,-0.134919900330911,-0.390718158507664,0.525638058838576
0.105,0.96365526798117,-0.588874860367008,-0.374780407614159,0.52689578534968,-0.381762037618674,-0.145133747731006
0.11,0.11929929531514,0.770750984022534,-0.890050279337674,0.138367857769517,0.388232332566007,-0.526600190335524
0.115,-0.953547244570609,0.584906852522396,0.368640392048209,-0.529475223807479,0.383838859724405,0.145636364083074
0.12,-0.130980535412,-0.765615216664737,0.896595752076738,-0.136709323781381,-0.389848268882134,0.526557592663515
0.125,0.966379006223261,-0.591001875026108,-0.375377131197151,0.528759798268029,-0.38271908522815,-0.146040713039879
0.13,0.117434559548418,0.772442534750478,-0.889877094298896,0.136490060059535,0.389243704570611,-0.525733764630146
0.135,-0.952554589852971,0.583679916103261,0.368874673749707,-0.527643501267299,0.382806427029871,0.144837074237427
0.14,-0.131115792855642,-0.764866466451122,0.895982259306764,-0.138438299539838,-0.388828092644052,0.52726639218389
0.145,0.965697834454338,-0.591274311267075,-0.37442352318726,0.530334080387996,-0.383695117681772,-0.146638962706225
0.15,0.118867182123805,0.772255350014931,-0.891122532138737,0.135116026990567,0.390145880826611,-0.525261907817179
0.155,-0.954652647955544,0.584296286078037,0.370356361877504,-0.526507648680932,0.382004604724077,0.144503043956855
0.16,-0.12845579447306,-0.765869327907878,0.894325122380938,-0.139306731652088,-0.388149221017446,0.527455952669535
0.165,0.962592862449867,-0.589938078293434,-0.37265478415643,0.530915241079314,-0.384233018723936,-0.146682222355377
0.17,0.122291007049761,0.770647181989024,-0.892938189038785,0.134832183319902,0.39052980341109,-0.525361986730992
0.175,-0.958264528169336,0.586108947505677,0.372155580663656,-0.526521293998836,0.38178234788033,0.144738946118506
0.18,-0.124786847023016,-0.767815468020687,0.892602315043704,-0.139005060237875,-0.38809089326302,0.527095953500895
0.185,0.958993677032214,-0.587930576929619,-0.371063100102592,0.530344089723438,-0.384130519495973,-0.146213570227464
0.19,0.125701833392856,0.768649112607428,-0.894350946000285,0.135646012603141,0.39027470551676,-0.525920718119901
0.195,-0.961380302425838,0.588030421247049,0.373349881178787,-0.52754382057511,0.382177083656974,0.145366736918136
0.2,-0.122057753210026,-0.769598923739291,0.891656676949318,-0.137813713167999,-0.388608114085507,0.526421827253506
0.205,0.956725267948441,-0.586338966262917,-0.370386301685521,0.52902825114118,-0.383511497169842,-0.145516753971338
0.21,0.127455067680708,0.767294036101068,-0.894749103781776,0.137039115284258,0.389577334887603,-0.526616450171861
0.215,-0.962584562553559,0.589114601144836,0.373469961408721,-0.528965673118795,0.382927411916819,0.146038261201975
0.22,-0.121415132930377,-0.770388976506926,0.891804109437303,-0.136411296292837,-0.389384947625308,0.525796243918146
0.225,0.956636105289738,-0.58585473373539,-0.370781371554345,0.527691559419624,-0.382734782883469,-0.144956776536156
0.23,0.127018817027905,0.767115776563389,-0.894134593591295,0.138267157713136,0.388826662135227,-0.527093819848364
0.235,-0.961669170137232,0.588997886285671,0.372671283851557,-0.530046833394829,0.383627654300568,0.146419179094261
0.24,-0.122747380907528,-0.769998679442364,0.892746060349894,-0.135509417040071,-0.390012666354131,0.525522083394202
0.245,0.958309609608283,-0.586487918832059,-0.371821690776222,0.526994599552044,-0.38219871576955,-0.144795883782493
0.25,0.125089880711955,0.767953233964035,-0.89304311467599,0.138741005355167,0.388397851448204,-0.527138856803371
0.255,-0.959577490372256,0.58800107818678,0.371576412185473,-0.530287248079482,0.383937557115395,0.146349690964086
0.26,-0.1249057656117,-0.768891957311309,0.89379772292301,-0.135504723985395,-0.390196254692642,0.525700978678037
0.265,0.960438856234598,-0.587652504684707,-0.372786351549888,0.527219990818526,-0.382144457372013,-0.145075533446512
0.27,0.123081963476415,0.769122964842468,-0.892204928318884,0.138298730152688,0.388471547776033,-0.526770277928722
0.275,-0.957776190041928,0.586877666988448,0.370898523053477,-0.529648249994972,0.383741527938091,0.145906722056881
0.28,-0.12642500766159,-0.767863241525081,0.894288249186672,-0.136314140428331,-0.389887481402873,0.526201621831204
0.285,0.961612984235228,-0.588542925680261,-0.373070058554965,0.528168378471469,-0.382552822743581,-0.145615555727888
0.29,0.122301560894753,0.769837753767684,-0.892139314662437,0.137246813009916,0.388963301474091,-0.526210114484007
0.295,-0.957422161969221,0.586368347400861,0.371053814568357,-0.528530984834818,0.383185040754604,0.145345944080213
0.3,-0.126336910334444,-0.767580775456381,0.893917685790826,-0.137457150911996,-0.389286698371729,0.526743849283725
0.305,0.961084241879804,-0.588586248581437,-0.372497993298364,0.529297448382226,-0.383176393964283,-0.146121054417943
0.31,0.123252506888571,0.769639052313826,-0.892891559202398,0.136170139202417,0.38958781634812,-0.525757955550538
0.315,-0.958760763137167,0.586802564213988,0.371958198923176,-0.527542685416446,0.382581034414248,0.144961651002198
0.32,-0.124659910523965,-0.768234952484826,0.892894863008791,-0.138324715875889,-0.388723558742488,0.527048274618378
0.325,0.959130919990429,-0.587736059996698,-0.371394859993727,0.530016537140193,-0.383680054535343,-0.146336482604849
0.33,0.125409560057426,0.76862426021675,-0.894033820274178,0.135621820582844,0.39001571312376,-0.525637533706604
0.335,-0.961041082228104,0.587944272056255,0.373096810171846,-0.527181347711781,0.382242364344598,0.144938983367183
0.34,-0.12234178537802,-0.76946099029086,0.891802775668881,-0.138489369396161,-0.388484364138182,0.526973733534343
0.345,0.956862422652718,-0.586471641705498,-0.370390780947217,0.529981514428157,-0.383813018757662,-0.146168495670496
0.35,0.127542079790639,0.767369141355879,-0.894911221146518,0.135852819593112,0.39003934607052,-0.525892165663632
0.355,-0.962955351732915,0.589142357280105,0.373812994452806,-0.52759816835632,0.382327471746673,0.145270696609647
0.36,-0.120721132163439,-0.77055591583705,0.89127704800049,-0.137902893141242,-0.388674012582417,0.526576905723659
0.365,0.955601271404717,-0.585522800174331,-0.370078471230383,0.529246928782709,-0.383526437324932,-0.145720491457777
0.37,0.1283895599704,0.766604633965606,-0.894994193936007,0.136709383138506,0.38966654132724,-0.526375924465746
0.375,-0.963348537093155,0.589690258754147,0.373658278339005,-0.528546922874552,0.382773091104235,0.145773831770317
0.38,-0.120807954090117,-0.770862012629923,0.89166996672004,-0.136894357915916,-0.389176822072245,0.526071179988161
0.385,0.956178038228153,-0.585475782283401,-0.370702255944749,0.528212547403701,-0.382983731282141,-0.14522881612156
0.39,0.12732902412288,0.766825461460534,-0.894154485583413,0.137735281048917,0.389102310148904,-0.52683759119782
0.395,-0.961826330045467,0.589201625873628,0.372624704171835,-0.529530734965934,0.383340014035509,0.146190720930425
0.4,-0.122754522192973,-0.770114428528613,0.892868950721588,-0.135984427368307,-0.38972776153074,0.525712188899048
0.405,0.95849764399805,-0.586464929742548,-0.372032714255501,0.527405485160113,-0.38246668810241,-0.144938797057703
0.41,0.124700072842614,0.768030807117069,-0.892730879959683,0.138414191622467,0.388635744440627,-0.527049936063094
0.415,-0.958962062091962,0.587812613102603,0.371149448989356,-0.530060673589925,0.383741369105895,0.14631930448403
0.42,-0.125772091568639,-0.768580408189647,0.894352499758288,-0.135619214912732,-0.390051468782851,0.525670683695584
0.425,0.961581102906087,-0.588100397417764,-0.373480705488321,0.527215257297341,-0.382230403526443,-0.144984853770898
0.43,0.121640788880146,0.769720637932022,-0.891361426812168,0.138424918115111,0.388493720656848,-0.526918638771959
0.435,-0.956016860778428,0.586117547221455,0.36989931355697,-0.529893181019794,0.383785406081923,0.146107774937871
0.44,-0.128516244189597,-0.766929743981316,0.895445988170913,-0.135957974532535,-0.389996977508222,0.525954952040757
0.445,0.964042855119988,-0.589658055556545,-0.37438479956344,0.527712970884973,-0.382380810786974,-0.145332160097999
0.45,0.119534696929922,0.771139215931555,-0.890673912861478,0.137785449973735,0.388734409260615,-0.526519859234351
0.455,-0.954329390255888,0.584880184905099,0.369449205350785,-0.529133421461502,0.383462867398982,0.14567055406252
0.46,-0.12973430105057,-0.765910519205764,0.895644820256335,-0.136813046520346,-0.389603505395851,0.526416551916196
0.465,0.964754354332434,-0.590428538317897,-0.374325816014534,0.528635707415717,-0.382832199495169,-0.145803507920548
0.47,0.119352203926836,0.771637569367716,-0.890989773294553,0.136824448502924,0.389229043055863,-0.526053491558787
0.475,-0.954683068582815,0.584669460644834,0.370013607937977,-0.528164349491332,0.382940824210613,0.145223525280719
0.48,-0.128852686336241,-0.765994613664939,0.894847300001181,-0.137760165071203,-0.389070533690726,0.526830698761929
0.485,0.963368086176463,-0.590050911357658,-0.373317174818802,0.529531962111351,-0.383359504111708,-0.146172457999643
0.49,0.121205598021369,0.770976078214756,-0.892181676236125,0.136005963620854,0.389734495055587,-0.525740458676441
0.495,-0.956953040299267,0.585597112005302,0.371355928293962,-0.527447724209135,0.382472497706994,0.144975226502141
0.5,-0.126228105743786,-0.767163270561271,0.893391376305057,-0.13835436525966,-0.38865322813185,0.527007593391511
0.505,0.960460363490278,-0.588673052076064,-0.371787311414211,0.529987280051703,-0.383713683650912,-0.14627359640079
0.51,0.124317678689175,0.76942647651158,-0.893744155200756,0.135701432916235,0.39001558285555,-0.525717015771786
0.515,-0.96018574592975,0.587276487306077,0.37290925862367,-0.527301041319858,0.382272052838952,0.145028988480905
0.52,-0.122960976099234,-0.768927208568005,0.89188818466724,-0.138341118497491,-0.38853836880618,0.526879487303672
0.525,0.957244962470592,-0.586871659162179,-0.37037330330841,0.529816975800863,-0.383740731763434,-0.146076244037429
0.53,0.127397721289287,0.76763525204359,-0.895032973332876,0.136021148414731,0.389955331917048,-0.525976480331779
0.535,-0.963051681743588,0.589010779436996,0.374040902306589,-0.527758074088959,0.38241641835619,0.145341655732768
0.54,-0.120380840639883,-0.770559991062747,0.890940831702632,-0.137762850633716,-0.388761140286319,0.526523990920035
0.545,0.955013340197371,-0.585381537058555,-0.369631803138813,0.529136967670747,-0.383447562589446,-0.145689405081301
0.55,0.129228723408094,0.766324397623112,-0.895553121031207,0.136780660370622,0.38960178077203,-0.526382441142652
0.555,-0.964441843861624,0.590111264860475,0.374330579001145,-0.528572855228205,0.382818677616676,0.145754177611528
0.56,-0.119458945464865,-0.771425294266001,0.890884239730867,-0.1369182423158,-0.389199169933985,0.526117412249785
0.565,0.954573835113647,-0.584769359428328,-0.369804475685317,0.528288369198865,-0.382987538313298,-0.145300830885567
0.57,0.129185128164744,0.765976050968001,-0.895161179132745,0.13760782473032,0.389133932313147,-0.526741757043467
0.575,-0.963927563916702,0.590192460942928,0.373735102973771,-0.529354351809573,0.383280231627461,0.146074120182111
0.58,-0.120419034210531,-0.771243333979487,0.891662368190019,-0.136204732562251,-0.389640798199588,0.525845530761839
0.585,0.955943411751515,-0.585203452835263,-0.370739958916249,0.527662602187288,-0.382578568715729,-0.145084033471559
0.59,0.127452503523109,0.766644709241868,-0.894097212764977,0.138129210425832,0.388769081803032,-0.526898292228864
0.595,-0.961886860900857,0.589312687010887,0.372574173889967,-0.529758279424746,0.383591101354465,0.146167178070281
0.6,-0.122706114181769,-0.770180954840963,0.892887069022732,-0.135927454855121,-0.389889693240154,0.525817148095275
0.605,0.958410382548252,-0.586415812314264,-0.371994570233985,0.527517087003239,-0.382397569787418,-0.14511951721582
0.61,0.124874879235945,0.767971351966419,-0.892846231202365,0.138141991852929,0.38865969266698,-0.526801684519909
0.615,-0.959268515510947,0.587909426730451,0.371359088780493,-0.529641428308309,0.383627437892938,0.146013990415371
0.62,-0.125296569186092,-0.768739581154748,0.894036150340841,-0.136166959748093,-0.389853795864757,0.52602075561285
0.625,0.960907572355224,-0.587857078555397,-0.373050493799824,0.527868701180165,-0.38250270087086,-0.145366000309305
0.63,0.122531332456963,0.769375652881545,-0.891906985338508,0.137691962383767,0.388829022149093,-0.52652098453286
0.635,-0.957132436786938,0.586576580000694,0.370555856786241,-0.52910932198224,0.383400773701144,0.145708548281096
0.64,-0.127179217626794,-0.767509404430471,0.894688622057266,-0.136762735897187,-0.389578229925354,0.526340965822541
0.645,0.962499722668516,-0.58895741998762,-0.373542302680893,0.528508298274565,-0.382817468404308,-0.145690829870256
0.65,0.121257123577137,0.770323675342154,-0.891580798919291,0.137029178446424,0.389172358428614,-0.526201536875038
0.655,-0.956193572375431,0.585798208731486,0.370395363643941,-0.528444105558367,0.38304007865462,0.145404026903746
0.66,-0.127775473307644,-0.766912565851377,0.894688039159021,-0.137410162235177,-0.389211598351831,0.526621760587009
0.665,0.962756032582965,-0.589366419979005,-0.373389612603957,0.529118862463433,-0.383178764395833,-0.145940098067599
0.67,0.121328674145745,0.770544058710331,-0.891872732856077,0.136472831394632,0.389517545339811,-0.525990376734443
0.675,-0.956572248691356,0.585761905408153,0.370810343283201,-0.527957115893635,0.382720951869841,0.145236164023794
0.68,-0.127118047684092,-0.767050858049575,0.894168905733667,-0.137815283605288,-0.388927370774712,0.526742654380001
0.685,0.961854672657736,-0.589067461187118,-0.372787211470615,0.529432554348815,-0.383420612462879,-0.146011941885936
0.69,0.1224340688522,0.770102186608173,-0.892536255460373,0.136256962218879,0.389711089677836,-0.525968051896715
0.695,-0.957838151207028,0.586325826314263,0.371512324892762,-0.527842183012818,0.382579936670379,0.145262246342439
0.7,-0.125737281414436,-0.767713632590605,0.893450914005041,-0.137829450415919,-0.388841326372014,0.526670776787933
0.705,0.960405289966792,-0.588330537862356,-0.372074752104434,0.529349308325247,-0.38345105403877,-0.145898254286478
0.71,0.123906686170985,0.769316495089164,-0.89322318126015,0.136431284758095,0.389687073476931,-0.526118358235026
0.715,-0.959290865258217,0.587135049592122,0.372155815666091,-0.528098552843799,0.382655576993915,0.145442975849884
0.72,-0.124344117857166,-0.768522075469384,0.89286619332655,-0.137502386565156,-0.388964208732133,0.526466595297289
0.725,0.959106753861482,-0.587545546537995,-0.371561207323484,0.528964794060153,-0.383286674081615,-0.145678119978538
0.73,0.125080971518943,0.768575352982652,-0.893656324501595,0.136858598489741,0.389488077858705,-0.526346676348447
0.735,-0.960317395623043,0.58781474911194,0.372502646511099,-0.528553123221775,0.382881424271695,0.14567169895008
0.74,-0.123482294091535,-0.76912595885043,0.892608252941966,-0.137036463731109,-0.389208538613168,0.526245002344278
0.745,0.958419839967646,-0.587028342192957,-0.371391497774687,0.528503256313515,-0.383032546593183,-0.145470709720332
0.75,0.125589480659288,0.768152018786632,-0.89374149944592,0.137300688759702,0.389232862119506,-0.526533550879208
0.755,-0.960650447709515,0.588140724647092,0.37250972306242,-0.528961851786113,0.383129279094634,0.145832572691479
0.76,-0.123315783430679,-0.769354694032475,0.892670477463155,-0.136673439903792,-0.389441112023868,0.526114551927659
0.765,0.95840564722828,-0.586893336826163,-0.371512310402114,0.528196348499535,-0.382822402314806,-0.145373946184729
0.77,0.125470070329574,0.768104162365526,-0.893574232695101,0.137543288922678,0.389051309512828,-0.526594598435506
0.775,-0.960419700813734,0.588110668844196,0.372309031969535,-0.529134379908082,0.383277237250716,0.145857142657366
0.78,-0.123633075141541,-0.76925812890126,0.892891204042802,-0.136574198450332,-0.38955176470991,0.526125963160242
0.785,0.958783241530227,-0.587043387701368,-0.371739853828856,0.528171023104069,-0.382751388204384,-0.145419634899684
0.79,0.12505878186334,0.768293635300771,-0.893352417164111,0.137496603472811,0.389020850559577,-0.526517454032388
0.795,-0.960000637159964,0.587896283233181,0.372104353926779,-0.529019990387291,0.383267631939465,0.145752358447826
0.8,-0.124035675396231,-0.769033198648308,0.893068874044539,-0.136749792846857,-0.389503938227771,0.526253731074629
0.805,0.959147713495095,-0.587265195293397,-0.371882518201695,0.528399407362676,-0.382834339151859,-0.145565068210817
0.81,0.124750762434648,0.768499866544073,-0.893250628978722,0.137225426763433,0.3891347133077,-0.526360140071133
0.815,-0.959763436939762,0.587716418760986,0.372047018178773,-0.52871722305412,0.383128014726588,0.145589208327533
0.82,-0.124192096295658,-0.768888455825156,0.893080552120815,-0.137072153665666,-0.389344470037529,0.526416623703195
0.825,0.959218070846314,-0.587368380916767,-0.371849689929545,0.528728995286638,-0.383007227283187,-0.145721768003452
0.83,0.124766992566271,0.768557566222334,-0.893324558788606,0.136900918726218,0.38931429383432,-0.526215212560538
0.835,-0.959862117464141,0.587705540098406,0.372156577365732,-0.528409625487344,0.382948530268073,0.145461095219271
0.84,-0.124019488105214,-0.768923154046919,0.892942642152134,-0.137351878506025,-0.389171698744828,0.526523577250853
0.845,0.958984005328966,-0.587291816113665,-0.371692189215298,0.528971107911171,-0.383167061069654,-0.145804046841516
0.85,0.125046679282778,0.768445105859318,-0.893491785142097,0.136704628975396,0.389455561966794,-0.52616019094219
0.855,-0.960168925640269,0.587845952949887,0.372322972690378,-0.528265591828677,0.38283068059286,0.145434911235816
0.86,-0.12370592646864,-0.769081964240262,0.892787890708903,-0.137439184428845,-0.389081195517283,0.526520379946129
0.865,0.958685067885163,-0.587125358673716,-0.371559709211444,0.528999290929119,-0.383227330140481,-0.145771960788638
0.87,0.125309495477692,0.768282487819178,-0.89359198329687,0.136735844293825,0.389483827806791,-0.526219672100616
0.875,-0.960374893824311,0.5879929910222,0.372381902802108,-0.528354389562545,0.382835029021473,0.145519360541072
0.88,-0.123575905318273,-0.769201917114582,0.892777822432856,-0.137296613851577,-0.389117611292736,0.526414225144313
0.885,0.958647669998229,-0.587043282562985,-0.371604387435241,0.52880858826494,-0.383160513120198,-0.145648075144741
0.89,0.125240721733121,0.76824791591195,-0.893488637645071,0.136967427758135,0.389389319367732,-0.526356747125867
0.895,-0.960190118861263,0.587972002262925,0.372218116598335,-0.528618262501127,0.382953584277646,0.145664678223481
0.9,-0.123882335513096,-0.769119231398034,0.893001566911131,-0.137010072292097,-0.389255772212474,0.526265844504572
0.905,0.959076926384631,-0.587191601719192,-0.371885324665436,0.528509688868846,-0.38300782183504,-0.145501867033807
0.91,0.12469209945905,0.768463404498973,-0.893155503958023,0.137268041280253,0.389227626352888,-0.526495667633141
0.915,-0.959530206737979,0.587690323866994,0.371839882870982,-0.528909975899489,0.383118489980995,0.145791485918494
0.92,-0.124641023890393,-0.76877488434871,0.893415908239103,-0.136737488014007,-0.389418039662886,0.526155527676893
0.925,0.959917774149262,-0.587592618605938,-0.372325155543321,0.528265739798077,-0.382853908012728,-0.145411831785348
0.93,0.123789333756967,0.768912765979127,-0.892702099736095,0.137474880745655,0.389087455995381,-0.526562336741036
0.935,-0.958588782456491,0.587203036215173,0.371385746241315,-0.529072533346585,0.383240028959754,0.145832504386831
0.94,-0.125595543617404,-0.768261874891458,0.893857418508862,-0.13662485938413,-0.389516718527281,0.526141577911412
0.945,0.960858320082603,-0.588117730343576,-0.372740589739024,0.528206990731585,-0.382781525512492,-0.145425465219093
0.95,0.122890482238733,0.769435367197231,-0.892325849435964,0.137477608121224,0.389043908219352,-0.526521516340576
0.955,-0.95775911373939,0.586698092654989,0.371061021084398,-0.529018957489719,0.38325317606155,0.145765781428169
0.96,-0.126329657000057,-0.767789789636965,0.894119446637022,-0.136733168777203,-0.38949891312483,0.526232081902033
0.965,0.961472476380687,-0.58854219008978,-0.372930286290904,0.528366682113956,-0.382829813060171,-0.145536869053785
0.97,0.122417915301454,0.769798344902167,-0.892216260203622,0.137271541914097,0.389121210664498,-0.526392752578595
0.975,-0.957446282058827,0.58640909079007,0.371037191268753,-0.528773001131283,0.38314926553059,0.145623735600693
0.98,-0.126468706292408,-0.767585482282464,0.894054188574873,-0.13701127653407,-0.389371653888836,0.526382930422906
0.985,0.961428283543939,-0.588653218980305,-0.372775064563632,0.528668209287643,-0.382976422445909,-0.145691786841734
0.99,0.122649872908307,0.76980994152099,-0.892459814429297,0.136956031227408,0.389282568201292,-0.5262385994287
0.995,-0.95786538983167,0.586500428065118,0.371364961766548,-0.528453338719073,0.382978211928662,0.145475126790411
1,-0.125868244933937,-0.767780461073281,0.893648706007219,-0.137325179614957,-0.389196240609986,0.526521420224944
1.005,0.960657335548704,-0.58835674238974,-0.372300593158962,0.528966677645875,-0.383150747419504,-0.145815930226371
1.01,0.123575634198987,0.769416933481434,-0.892992567680421,0.136682134086045,0.389450419292897,-0.526132553378943
1.015,-0.958925892347297,0.586982292170058,0.371943600177235,-0.52821232833934,0.382821988176324,0.145390340163016
1.02,-0.12469693370315,-0.768340991548165,0.893037925251316,-0.137526060875541,-0.389056405449187,0.526582466324728
1.025,0.959402356611169,-0.587729979978122,-0.371672376633045,0.529121475505967,-0.383269970455418,-0.145851505050549
1.03,0.124884676617218,0.768738282402297,-0.893622959019516,0.136577914504758,0.389545470939159,-0.526123385443917
1.035,-0.960257746455268,0.587696971551403,0.372560774903862,-0.528161599466014,0.382753899042569,0.145407700423444
1.04,-0.123374306114094,-0.769074757246923,0.892449063361017,-0.137522040724735,-0.389017223537556,0.526539264262291
1.045,0.958120899514375,-0.586994685668691,-0.371126213845681,0.529063120993262,-0.38327919745716,-0.145783923536102
1.05,0.126093987361787,0.768019150693159,-0.894113138054948,0.13668854938904,0.389524614164735,-0.526213163553775
1.055,-0.961365744446359,0.588382600044324,0.372983144402032,-0.528320905629206,0.382804056859783,0.145516848769423
1.06,-0.122394193456098,-0.769710364157533,0.892104557613631,-0.13731909618121,-0.389095023597457,0.526414119778667
1.065,0.957291945977214,-0.586424351020296,-0.370867594956915,0.52882282133476,-0.383176227770639,-0.145646593564121
1.07,0.126752412644146,0.767527664889578,-0.894280077533724,0.136958879944745,0.389399674723666,-0.526358554668412
1.075,-0.961838667286437,0.588783690441863,0.373054976844571,-0.528613140114109,0.382947146664456,0.145665993449654
1.08,-0.122116990332569,-0.770011838258948,0.892128828591519,-0.137013628454995,-0.389251950028134,0.52626557848313
1.085,0.957215698016951,-0.586229160899217,-0.370986537117731,0.528513063381171,-0.383010134412651,-0.14550292896852
1.09,0.126627535183655,0.767442719495167,-0.894070254678822,0.137263987851325,0.389229293057545,-0.52649328090887
1.095,-0.961517500933007,0.588757213832224,0.372760287100779,-0.52890493053703,0.38311688005081,0.14578805048622
1.1,-0.122624798433128,-0.769875544121158,0.892500342554287,-0.136743293298337,-0.389416190665286,0.526159483963624
1.105,0.957896016015202,-0.586470965002664,-0.371425051012536,0.528271555818186,-0.38285599430889,-0.145415561509296
1.11,0.125792879888991,0.767783174978484,-0.893576054867475,0.137470268814872,0.389089489930908,-0.526559758745781
1.115,-0.960550174680695,0.588327296780326,0.372222877900366,-0.529070733245113,0.383238601847685,0.145832131397428
1.12,-0.123700267923807,-0.769367406562197,0.893067674486005,-0.136621937684505,-0.389516682240109,0.526138619924615
1.125,0.959052937472504,-0.587044361724675,-0.372008575747825,0.528197239829359,-0.382779203261575,-0.145418036567784
1.13,0.124582619365976,0.768407520695666,-0.892990140061643,0.137496378440705,0.389038130414234,-0.52653450885494
1.135,-0.959315345804111,0.587667260582959,0.371648085221149,-0.529048900433673,0.383263575016264,0.14578532541741
1.14,-0.124931000007574,-0.768687469327932,0.893618469335506,-0.136690057283613,-0.389515102835281,0.526205160118894
1.145,0.960251754326914,-0.58772830168396,-0.372523452642951,0.52830867943496,-0.382806724807847,-0.145501954627112
1.15,0.123441991158515,0.76907987075076,-0.892521861909276,0.137345777912821,0.389090242393958,-0.52643602030678
1.155,-0.958256997985779,0.587021391969797,0.371235606015978,-0.528864337845164,0.383188908369375,0.145675429475789
1.16,-0.125885715866213,-0.768081907116023,0.893967622982237,-0.136902524022041,-0.389420524550118,0.526323048572158
1.165,0.961084693406939,-0.588281125059119,-0.372803568347818,0.528542336039929,-0.38291805799167,-0.145624278048259
1.17,0.12274540291868,0.769569193583309,-0.892314596501989,0.137098084274031,0.389214767050563,-0.526312851324595
1.175,-0.957707509777552,0.586604436754417,0.371103073023131,-0.528609972704581,0.383055045486642,0.145554927217939
1.18,-0.126281320095112,-0.767744127138381,0.894025447233495,-0.137156209102571,-0.389281343659261,0.526437552761832
1.185,0.961323621234378,-0.588535084488102,-0.372788536746273,0.528788223893163,-0.383058494578919,-0.145729729314244
1.19,0.122662037144324,0.769736889386033,-0.892398926530358,0.136866668943066,0.389352477907389,-0.526219146850456
1.195,-0.957774874457851,0.586523267496523,0.371251606961324,-0.528399074922793,0.382923843597606,0.145475231325188
1.2,-0.126071488726299,-0.767747648506338,0.893819137232638,-0.137341338502704,-0.38916012766274,0.526501466165445
1.205,0.960982650233727,-0.58845067111327,-0.372531979120453,0.528943263243833,-0.383166649878183,-0.14577661336565
1.21,0.123120196209067,0.769577160296273,-0.89269735650534,0.136745009595697,0.389444980644864,-0.526189990240562
1.215,-0.9583341386638,0.586751185057005,0.371582953606793,-0.528312986047339,0.382849038647384,0.145463947399955
1.22,-0.125428802754514,-0.768035336550089,0.893464139304603,-0.137390797715215,-0.389104474050879,0.526495271766095
1.225,0.960275274859347,-0.58811263655085,-0.372162638308494,0.52895616065944,-0.383202315731364,-0.145753844928076
1.23,0.123873034472317,0.769198909192357,-0.893071943664674,0.136767518181248,0.389460445053208,-0.526227963234457
1.235,-0.959113260702986,0.587159122392975,0.371954138310009,-0.528368728759344,0.382853380525342,0.145515348234002
1.24,-0.124642016012562,-0.768462331563947,0.89310434757651,-0.137304907421652,-0.389127650626253,0.526432558047906
1.245,0.959498412859884,-0.587677021013318,-0.371821391846564,0.528843997055211,-0.383161803068829,-0.145682193986382
1.25,0.124623826192784,0.768764649813978,-0.893388476006762,0.136901440848227,0.389404557561625,-0.526305998409852
1.255,-0.959823629438503,0.587582750719106,0.372240878719393,-0.528519419547487,0.382922295824907,0.14559712372258
1.26,-0.123984354178653,-0.768866963264115,0.892851317442768,-0.137142742958328,-0.389206947558567,0.526349690516896
1.265,0.958903475058205,-0.587298673192321,-0.371604801865881,0.528675779569558,-0.383074976525161,-0.145600803044397
1.27,0.125148407327692,0.768418667670666,-0.893567074998359,0.137070340125273,0.389313162426203,-0.526383502551476
1.275,-0.960272643522339,0.587891574228699,0.372381069293637,-0.528683847195353,0.383015286732769,0.145668560462584
1.28,-0.123613734599136,-0.769135163256418,0.892748897855555,-0.136987566594126,-0.389298644052289,0.526286210646415
1.285,0.958611805646484,-0.587073237438094,-0.371538568208388,0.528534121510075,-0.382987293278601,-0.145546828231473
1.29,0.125362667100292,0.768236857397543,-0.893599524497835,0.13719484328901,0.389231959581226,-0.526426802870236
1.295,-0.960412899487812,0.588030095381146,0.372382804106663,-0.528788282830804,0.383087863286736,0.145700419544068
1.3,-0.123542486885318,-0.769231814836042,0.892774301721361,-0.13690532022932,-0.389360826603949,0.52626614683327
1.305,0.958603289541006,-0.58701609413464,-0.371587195406364,0.528475356339278,-0.382936851496587,-0.14553850484269
1.31,0.125315679885404,0.76821608160794,-0.893531761493345,0.137229675626598,0.389194156751005,-0.526423832377604
1.315,-0.960318251066356,0.588018247366632,0.372300003699721,-0.528799553457941,0.383112589623646,0.145686963834295
1.32,-0.123676674575276,-0.769191505726874,0.892868180302151,-0.136916461562576,-0.389372496073397,0.526288957635974
1.325,0.958768933369517,-0.58708046723875,-0.371688466130764,0.528507049795581,-0.382937780542504,-0.145569269253076
1.33,0.125126331518901,0.768300065984747,-0.893426397503649,0.137179909973786,0.389206819608888,-0.526386729582674
1.335,-0.96011236063043,0.587918993164871,0.372193367465557,-0.528734707741915,0.383089419161851,0.145645288580064
1.34,-0.123892748625223,-0.769081062212815,0.892973810838039,-0.136993004699814,-0.389340350234303,0.526333354934117
1.345,0.958989802961894,-0.587198408369892,-0.371791394592,0.528591648297744,-0.382977127505446,-0.145614520792298
1.35,0.124904970045307,0.768422304370122,-0.89332727441543,0.137091021703667,0.389251421554185,-0.526342443257852
1.355,-0.959893666649949,0.587795091952032,0.372098574697914,-0.528645282848356,0.383041606478861,0.145603676369494
1.36,-0.124106765974551,-0.768957521414038,0.89306428738859,-0.137079357088672,-0.38929139428889,0.526370751377563
1.365,0.959198238985029,-0.587320192266299,-0.371878046718727,0.52867158591334,-0.383025209436951,-0.145646376476389
1.37,0.124702009123053,0.768541548283788,-0.893243557406841,0.137020464047523,0.389296731959962,-0.526317196007486
1.375,-0.959695199284121,0.587678598148254,0.372016601135864,-0.528586599042047,0.383000781878898,0.145585817163149
1.38,-0.124302426013281,-0.768843479711082,0.893145905724363,-0.137124219876059,-0.389256531153082,0.526380751029141
1.385,0.959393285099126,-0.587432502402363,-0.37196078269676,0.528701281780803,-0.383052919720539,-0.145648362060264
1.39,0.124505091797598,0.768653167747296,-0.893158259544894,0.137006647414266,0.389316416878498,-0.526323064292764
1.395,-0.959493857837898,0.587566422072846,0.371927435765049,-0.528588730860229,0.382989653306884,0.145599077553345
1.4,-0.124510589303043,-0.768729414052746,0.893240003355791,-0.137106700379821,-0.38925413815783,0.526360838537652
1.405,0.959610300100983,-0.587549754074367,-0.372060546026613,0.528669530587657,-0.383046747380933,-0.145622783206724
1.41,0.124277756706674,0.7687747467319,-0.893052503438575,0.137050933932397,0.389302184494966,-0.526353118427363
1.415,-0.959255462497756,0.587439639640386,0.371815822857367,-0.528643388516306,0.3830111312096,0.145632257306705
1.42,-0.124759923782601,-0.768596914154405,0.893356837937007,-0.137044216074221,-0.389281773912681,0.526325989986903
1.425,0.95986949737439,-0.587688043422994,-0.372181453951393,0.528602045232285,-0.383014269650903,-0.145587775581382
1.43,0.124010779201569,0.768918395869331,-0.892929175070901,0.137120420906266,0.389266356804403,-0.52638677771067
1.435,-0.958983799273417,0.587291598860592,0.371692200412821,-0.528711815428503,0.383048698014992,0.145663117413511
1.44,-0.125032206343262,-0.768446000835172,0.893478207178435,-0.136979861125949,-0.389319410654335,0.526299271780284
1.445,0.960137445781142,-0.58783977179232,-0.37229767398882,0.528544615703354,-0.382978228904984,-0.14556638679837
1.45,0.123752878870304,0.769068380764945,-0.892821259635248,0.137168331696782,0.389233514186027,-0.526401845882809
1.455,-0.958742257080423,0.587146356037716,0.371595901042703,-0.528747965682657,0.383076861667567,0.14567110401509
1.46,-0.125250680433735,-0.768308856232662,0.893559536666398,-0.13695728353035,-0.389341588333136,0.526298871863486
1.465,0.960325963268904,-0.587965205745614,-0.372360757523287,0.528536930725046,-0.382963124496006,-0.145573806229039
1.47,0.123601146269723,0.769178351858046,-0.89277949812777,0.13716034120617,0.389226312852924,-0.526386654059094
1.475,-0.958633829681853,0.587055612132429,0.371578217549421,-0.528724080112305,0.383075616127797,0.145648463984508
1.48,-0.125309838303472,-0.76824098160565,0.893550819909122,-0.136996713850774,-0.389331656562803,0.526328370413578
1.485,0.960330682761283,-0.588006827548296,-0.372323855212984,0.528590998232781,-0.382981669556553,-0.145609328676228
1.49,0.123655016111873,0.769190729266635,-0.892845745378509,0.137093069858366,0.38925308880402,-0.526346158662386
1.495,-0.958749224607166,0.587074952913136,0.371674271694028,-0.528645515138381,0.383041287837773,0.145604227300607
1.5,-0.125131362755082,-0.768293882958784,0.893425245713867,-0.137084249930536,-0.389290727431424,0.526374977361961
1.505,0.960089077756437,-0.587919251983806,-0.372169825772627,0.528684848482526,-0.383028007303632,-0.145656841178894
1.51,0.123958209652061,0.769068171998187,-0.893026381650248,0.13699580828357,0.389303442273407,-0.526299250556977
1.515,-0.959110839958637,0.587231938745271,0.371878901213364,-0.528547894892545,0.382988465713567,0.145559429178978
1.52,-0.124716105129333,-0.768483854259746,0.89319995938908,-0.137179126851083,-0.389237086566304,0.526416213417388
1.525,0.959626507712702,-0.587698630979617,-0.371927876733083,0.528773932249215,-0.38308076857677,-0.145693163672445
1.53,0.124460322815544,0.768820105250967,-0.893280428066511,0.136915416089217,0.389353632918949,-0.526269049008166
1.535,-0.95964344409723,0.587503430464586,0.372140013632641,-0.528478847496283,0.382942474256531,0.145536373239751
1.54,-0.12416314681497,-0.768774010516096,0.892937157331067,-0.137234506767278,-0.389196807530537,0.526431314297816
1.545,0.95906418233252,-0.587395209342946,-0.37166897298957,0.528813726807048,-0.38311398613049,-0.145699740676557
1.55,0.125020441747723,0.768509334098273,-0.893529775845995,0.136892659062454,0.389378647402607,-0.526271306465061
1.555,-0.960189482608041,0.587815258253577,0.372374224354461,-0.528474068731409,0.382926560534792,0.145547508196617
1.56,-0.12364306339853,-0.769080378462372,0.892723441860903,-0.137220907254249,-0.389190619915946,0.526411527170195
1.565,0.958581624468429,-0.587100878566694,-0.371480745901732,0.528781901769825,-0.383110114291455,-0.14567178747837
1.57,0.125454509055994,0.768233511267906,-0.8936880203239,0.136942009459555,0.389364685082822,-0.526306694542377
1.575,-0.960564988649064,0.588066376125367,0.372498612523694,-0.528539719326821,0.382950341282549,0.145589378044271
1.58,-0.123335026965584,-0.769301030311939,0.892636057277523,-0.137140668046969,-0.389223652680011,0.526364320726981
1.585,0.958348564029125,-0.586915865384579,-0.371432698644543,0.528689218624065,-0.383068672457194,-0.145620546166871
1.59,0.125606693279884,0.76808858262837,-0.893695275908255,0.137044625047565,0.389315927391954,-0.52636055243952
1.595,-0.960632165604199,0.588167621371394,0.372464544232802,-0.528649466008635,0.383005105140365,0.14564436086827
1.6,-0.123355101969471,-0.769355939053178,0.892711041022649,-0.137026796318268,-0.389282936712918,0.526309733031186
1.605,0.95845618119116,-0.586908926145545,-0.371547255045612,0.528574341999345,-0.383006485312961,-0.145567856686384
1.61,0.125413215491227,0.76813017782723,-0.893543393318458,0.137157365477718,0.389252536450488,-0.526409901928207
1.615,-0.96035644645511,0.588078015070716,0.372278431384391,-0.528757001040726,0.383067969171878,0.145689031868848
1.62,-0.123707589586498,-0.769219925224784,0.892927514811283,-0.136927374362357,-0.389343563031466,0.526270937393824
1.625,0.958878242434177,-0.587088699660399,-0.371789542773776,0.528485695529045,-0.382949737453552,-0.145535958075492
1.63,0.124930322041331,0.768350081726577,-0.893280403767908,0.137232894690626,0.389201190255603,-0.526434084946229
1.635,-0.959822794798789,0.5878225037626,0.372000291036186,-0.528817456678077,0.383112551436177,0.1457049052419
1.64,-0.12428083938036,-0.768934112934922,0.893214952315283,-0.136883510717191,-0.389380218084715,0.526263728801906
1.645,0.95947911631016,-0.587398852560026,-0.372080263750132,0.528459465712667,-0.38292194229216,-0.145537523420507
1.65,0.124314322049206,0.768678106051346,-0.892992428100551,0.13724094937917,0.389182932748012,-0.526423882127182
1.655,-0.959204390468719,0.58748342930212,0.371720961166596,-0.528807304233485,0.383120864848811,0.145686439384675
1.66,-0.124889004447956,-0.768590997768863,0.89348000221682,-0.136911399454901,-0.389378460399515,0.526289859854416
1.665,0.960064772522834,-0.587738977622683,-0.372325794900148,0.528504138246383,-0.38293361891205,-0.145570519334332
1.67,0.123762788346431,0.769008353915994,-0.892771142262425,0.137180892184859,0.389204105480621,-0.52638499766548
1.675,-0.958697676177144,0.58716964293615,0.37152803324099,-0.528733660619457,0.383090873147257,0.1456427874722
1.68,-0.125341352396801,-0.768299805442985,0.893641157839787,-0.13699649051449,-0.389340557665539,0.526337048180029
1.685,0.960454557194066,-0.58800203023473,-0.372452526959333,0.528598264282204,-0.382978323824191,-0.145619940458013
1.69,0.123442251603206,0.769238425975326,-0.892680677578533,0.137080343237927,0.389254337996162,-0.52633468123409
1.695,-0.958451438582021,0.586976589348809,0.371474849233208,-0.528629422224175,0.383036513970159,0.145592908254016
1.7,-0.125509950872828,-0.768146929256251,0.89365688012908,-0.137101643551112,-0.389283556895214,0.526385200446326
1.705,0.960543921387164,-0.588112501666113,-0.372431419721048,0.528701595270572,-0.383036440790206,-0.145665154480366
1.71,0.123431982439429,0.769305225175531,-0.892737207614961,0.136981456374288,0.389312049435797,-0.526293505810085
1.715,-0.958518443595926,0.586953766050618,0.371564677545305,-0.528537415648255,0.382980683217196,0.145556732431059
1.72,-0.12536908152884,-0.768167441604893,0.893536523133733,-0.137184583676291,-0.38923099492112,0.526415578597411
1.725,0.96033405784009,-0.588050195381965,-0.372283862458123,0.528773587904835,-0.383084469927952,-0.145689117976882
1.73,0.123704670060171,0.769203504864422,-0.892908174924593,0.136921942421774,0.389354438117267,-0.526276380539042
1.735,-0.958846671713776,0.587091764010026,0.371754907703747,-0.528491528467579,0.382944859195149,0.145546669272431
1.74,-0.12499350293906,-0.76833792180131,0.893331424740371,-0.137216100172621,-0.389202455461824,0.526418555634445
1.745,0.959920004011913,-0.587851577346395,-0.372068426665515,0.528790402576574,-0.383105223538885,-0.145685179037689
1.75,0.124147867790846,0.768981523064937,-0.893129390855784,0.13691975174582,0.389367130709133,-0.526286882454954
1.755,-0.959309456521107,0.587332030908791,0.371977425612312,-0.528503490726785,0.382940276041066,0.145563214685719
1.76,-0.124520687409693,-0.768591217894603,0.893111905304298,-0.137190822418923,-0.389205809462677,0.526396631881601
1.765,0.959446498117293,-0.587590559040143,-0.371855939077147,0.528752976323224,-0.383094313003589,-0.145658663319635
1.77,0.124613139530897,0.768718018905773,-0.89333115843667,0.136967875332163,0.389349234478758,-0.526317109810921
1.775,-0.959758164987466,0.587592969394793,0.37216519559267,-0.528560628603356,0.382964420060865,0.14559620854249
1.78,-0.124096120460001,-0.76884482805809,0.892940948518092,-0.137126527773195,-0.389235323629551,0.526361851402746
1.785,0.959052771619336,-0.587348659379337,-0.371704112239996,0.528683496325897,-0.383060415524142,-0.145623080801755
1.79,0.12497030529361,0.76849175414216,-0.89346205943577,0.137040517171165,0.389312016988335,-0.526352534159499
1.795,-0.96007409752863,0.587800194357937,0.37227390317069,-0.528634417765816,0.38300385162679,0.145630566139026
1.8,-0.123825007063282,-0.769030173078964,0.892855180142247,-0.137053538312015,-0.389275854567492,0.526329392879508
1.805,0.958828967627314,-0.587187441156912,-0.371641526470399,0.528613131903262,-0.383019875831838,-0.145593256071424
1.81,0.125145386260922,0.768356304320468,-0.893501690581391,0.137106601253947,0.389272504213355,-0.526379105467302
1.815,-0.960200073640905,0.58790883550633,0.372291238134572,-0.528694777439864,0.383041384735761,0.145653392704103
1.82,-0.123747553588691,-0.769111547889765,0.892859101478456,-0.137000102878754,-0.389310562507296,0.52631066538605
1.825,0.95879857770002,-0.587133239784849,-0.371665337915168,0.528567552241647,-0.382988711283083,-0.145578840958564
1.83,0.125130945845056,0.768328676505128,-0.893459622350185,0.137143676598377,0.389245458724144,-0.526389135322521
1.835,-0.960143695953041,0.58791094354868,0.372232752404358,-0.5287229880838,0.383063888248179,0.145659099835621
1.84,-0.123842437140597,-0.769089583464069,0.892932020604666,-0.136980833305279,-0.389328258861371,0.52630909216665
1.845,0.958928122014313,-0.587177501238597,-0.371750620775714,0.528557029094654,-0.382975929730222,-0.145581099364432
1.85,0.124970875811742,0.768393199497006,-0.893364075308748,0.137145897872393,0.389237547258069,-0.526383445130463
1.855,-0.959957406039819,0.587828386019427,0.372129020020389,-0.528717573722397,0.383067116884719,0.145650456837678
1.86,-0.124050581520874,-0.768991343029378,0.893041924550252,-0.136993029543229,-0.389327120510572,0.526320150053801
1.865,0.959153796342473,-0.587289011616714,-0.371864784725757,0.528575004689398,-0.382981008134179,-0.14559399655522
1.87,0.124731867721342,0.768515563577891,-0.893247431299233,0.137123252290678,0.389246048013195,-0.526369300303874
1.875,-0.959709059293621,0.587697536333286,0.372011522960332,-0.528691430817274,0.383055779866638,0.145635650950635
1.88,-0.124304529913108,-0.768854283957285,0.893158813870394,-0.137021477504749,-0.389313578081547,0.526335055586296
1.885,0.959409908359065,-0.587430131067199,-0.371979777291864,0.528604588192617,-0.382996104390227,-0.14560848380239
1.89,0.124476706128882,0.768658748177464,-0.893135454306347,0.137093640365356,0.389262049403135,-0.526355689768492
1.895,-0.959457628323489,0.587554110257613,0.371903518065873,-0.528662799509898,0.383039496710921,0.145623302798977
1.9,-0.124549780001075,-0.768712259226963,0.893262039228039,-0.137048247884898,-0.38929759067282,0.526345838557718
1.905,0.959646841308117,-0.587569293899708,-0.372077547408406,0.528628770811608,-0.383011282391264,-0.145617488420344
1.91,0.124249938405654,0.768793765235703,-0.893043703641357,0.137072600676512,0.389275983125492,-0.526348583802005
1.915,-0.959242619086052,0.587424357692935,0.371818261393114,-0.528645275028355,0.383027151876616,0.145618123151739
1.92,-0.124751654015613,-0.768588740911814,0.893340394927428,-0.137062071878242,-0.38928708134565,0.526349153223892
1.925,0.959834379223737,-0.587685737665587,-0.372148641558146,0.528638893101195,-0.383019811425464,-0.145619081675731
1.93,0.12407780206853,0.768902402203907,-0.892980204272438,0.137066006882307,0.389282488865136,-0.526348495747444
1.935,-0.959086852270708,0.587324173610426,0.37176267866028,-0.528641877903369,0.383022614463091,0.145619263440278
1.94,-0.124890147816042,-0.768497590667057,0.8933877384831,-0.137062741550026,-0.389284366647141,0.526347108197167
1.945,0.95995473450662,-0.587767319340528,-0.372187415166089,0.528637416186346,-0.38302092918816,-0.145616486998186
1.95,0.123976431178397,0.768973911074661,-0.892950342253059,0.137068967074009,0.389282302482203,-0.526351269556213
1.955,-0.959005301249568,0.587263222919655,0.371742078329909,-0.528645607156298,0.383023760484734,0.145621846671564
1.96,-0.124951054370639,-0.768447671566289,0.893398725936929,-0.13705897568214,-0.38928609290929,0.52634506859143
1.965,0.959994193158329,-0.587805743675693,-0.372188449482633,0.528634331772327,-0.383019019262933,-0.145615312509394
1.97,0.12395918300016,0.769000391288374,-0.892959574288535,0.13707069770706,0.38928060471254,-0.5263513024196
1.975,-0.959010956957883,0.587249113568006,0.371761843389873,-0.528645386434145,0.383024868548923,0.145620517885222
1.98,-0.124921906148008,-0.76844632355697,0.89336822970498,-0.137061644928641,-0.389286268443264,0.526347913371905
1.985,0.959941109928283,-0.587793994020308,-0.372147115907974,0.528639824884226,-0.383020069532067,-0.145619755352158
1.99,0.124036452437471,0.768975283145663,-0.893011735583134,0.137062143702574,0.389283111817505,-0.526345255520079
1.995,-0.959112425675196,0.58728774172038,0.371824683954811,-0.528633683847471,0.383020745940536,0.145612937906935
2,-0.124796509442283,-0.768498508805419,0.893295018247703,-0.137076429215026,-0.389280451261945,0.526356880476972
2.005,0.959792384208883,-0.587728364278963,-0.372064019929917,0.528657470092499,-0.383027576639721,-0.145629893452778
2.01,0.124207542394095,0.768896495312816,-0.893104037706911,0.137042005741466,0.389292219597225,-0.526334225338692
2.015,-0.959304518526684,0.587379205741558,0.371925312785123,-0.528611556645802,0.383010209017509,0.145601347628293
2.02,-0.124585193070841,-0.768601953519738,0.89318714659058,-0.137099923923256,-0.389268733553962,0.526368657477219
2.025,0.959564052237364,-0.587613861325892,-0.371950190911469,0.528681613907872,-0.383040158282602,-0.14564145562527
2.03,0.124450255247424,0.768772091210729,-0.893222346458154,0.137018002675671,0.389305290748631,-0.526323293424302
2.035,-0.959558565650421,0.587512118070587,0.372046447579831,-0.528588527682755,0.382997067267511,0.145591460415244
2.04,-0.124323241661744,-0.768741751179827,0.893064992841571,-0.137121131664072,-0.389255969798935,0.526377101463008
2.045,0.95929796778025,-0.587469017950241,-0.371828949830006,0.528700170006128,-0.383052081749047,-0.14564808825708
2.05,0.124716415498018,0.768624237717173,-0.893340653215192,0.137002881789752,0.389315914541425,-0.526318796331178
2.055,-0.959820525816232,0.587660778150324,0.372159747665905,-0.528577549920893,0.382988182966004,0.14558936695489
2.06,-0.124069897929294,-0.768888881307077,0.892958779236372,-0.137127360535343,-0.389249229101208,0.526376589636551
2.065,0.959057710188961,-0.587325846195533,-0.371731863993425,0.528701169640699,-0.383056325502825,-0.145644844137874
2.07,0.12493915779673,0.768487498223571,-0.893426656020301,0.137007447032507,0.389317372270723,-0.52632481930323
2.075,-0.960021462507966,0.587788616610591,0.372232845897372,-0.528587856322094,0.382989724627667,0.145598131694426
2.08,-0.123894818327701,-0.769005408548397,0.892900226876098,-0.137111305593044,-0.389253898767256,0.526365204360301
2.085,0.958912201403424,-0.587222926835115,-0.371689274568306,0.528679531783781,-0.383048490295397,-0.145631041488385
2.09,0.125051814829213,0.768400314986013,-0.893452129815226,0.13703433062024,0.389306428459954,-0.526340759080195
2.095,-0.960098507994107,0.587858157209222,0.372240350784882,-0.528619483866568,0.383003625267056,0.145615858599512
2.1,-0.123855544011734,-0.769055671889468,0.892911215901203,-0.137075588198957,-0.389270512311899,0.526346100510856
2.105,0.958912190454132,-0.587193257925655,-0.371718932528473,0.528640513826592,-0.383029494265873,-0.145611019560719
2.11,0.125011790983782,0.768392200704486,-0.893403991688269,0.137075746176941,0.389285458428702,-0.526361204605644
2.115,-0.960018436327475,0.587844145917825,0.372174290409647,-0.528662305550364,0.383026093701817,0.145636211848547
2.12,-0.123974897576077,-0.769019377283218,0.892994274859295,-0.137032412329351,-0.389293949550515,0.526326361879866
2.125,0.959069278497047,-0.587251565601181,-0.371817712895863,0.528598066148943,-0.383005656959045,-0.145592409189898
2.13,0.124819281491107,0.768471818200475,-0.893291099691583,0.137116383937739,0.38926181277471,-0.52637819671245
2.135,-0.959793549781547,0.587744349762621,0.372049200018922,-0.528700083507219,0.383048949928387,0.145651133578831
2.14,-0.124228437428441,-0.768900946282692,0.893129383711134,-0.13699848190196,-0.389315429710023,0.526313911611983
2.145,0.959347137280649,-0.587386700192995,-0.371960437087651,0.528568880274386,-0.382986111454857,-0.145582768819529
2.15,0.124521964885261,0.768621372364517,-0.893143337249779,0.137140044836759,0.389244716334332,-0.526384761171091
2.155,-0.959482066079197,0.587582969423595,0.371899096655598,-0.528717578095504,0.383063141929296,0.145654436166208
2.16,-0.124548475910702,-0.768730591436477,0.893279067347179,-0.136987637454458,-0.389326334062698,0.526313971517157
2.165,0.959669912958242,-0.587562977233208,-0.372106935725031,0.52856499847055,-0.382978794763977,-0.145586203706573
2.17,0.124202353081613,0.768800381400991,-0.893002734482604,0.137136831666871,0.389241195519606,-0.526378027186477
2.175,-0.959171478441543,0.587404490098128,0.371766988343413,-0.528707321438702,0.383062756391091,0.145644565047611
2.18,-0.124844343564292,-0.768555906668253,0.893400250232546,-0.137004703917064,-0.389322032547443,0.526326736464507
2.185,0.959945649393576,-0.587730668154515,-0.372214981239058,0.528588465657747,-0.38298692080625,-0.145601544851497
2.19,0.123951760908631,0.768958012086552,-0.892909772995184,0.137107536520252,0.389252956218782,-0.526360492739035
2.195,-0.958950541015335,0.587259788779166,0.371690752236167,-0.528672918538077,0.383047643900085,0.145625274637991
2.2,-0.125031710975492,-0.768426746769927,0.893458457745419,-0.137043367172535,-0.389303936114972,0.526347303287508
2.205,0.960096205525958,-0.587841985510693,-0.372254220015261,0.528630438287401,-0.38300755867721,-0.14562287961019
2.21,0.123840520173865,0.769049543343039,-0.892890063516904,0.137063282828658,0.389275630700928,-0.526338913529587
2.215,-0.958880336519317,0.587189591273832,0.371690745245482,-0.52862746133611,0.383023486016712,0.145603975319398
2.22,-0.12505996988363,-0.768379005550984,0.893438975434616,-0.137088930191238,-0.389278881292423,0.526367811483661
2.225,0.960082430842252,-0.587866592501865,-0.372215838340384,0.528675018536292,-0.383032906591123,-0.145642111945169
2.23,0.1238956035873,0.769050792158261,-0.892946395745561,0.137020736270713,0.3893006666072,-0.526321402877913
2.235,-0.958975217254031,0.58721147135435,0.371763745899678,-0.528587934664395,0.382999352532944,0.14558858213145
2.24,-0.124927546554459,-0.768423342775622,0.893350889330082,-0.137124540322232,-0.389256210679051,0.526380751001283
2.245,0.959915404167247,-0.587800892027525,-0.372114512139719,0.528705926915537,-0.383053598057847,-0.145652328857689
2.25,0.124093682500501,0.768965215224195,-0.893058897724696,0.136995184987814,0.389318919563505,-0.52631410455132
2.255,-0.959200269956055,0.587315082365128,0.371885187590924,-0.528568251465783,0.382983929596237,0.145584321869546
2.26,-0.124680031743211,-0.768542834198778,0.893222865941989,-0.137137999035317,-0.389243932548183,0.5263819315835
2.265,0.959650270893378,-0.587667935013587,-0.371982335879787,0.528712965103708,-0.383062499905987,-0.145650465197721
2.27,0.124371364483139,0.768821413974127,-0.893192778457267,0.13699460174096,0.389324301129386,-0.526318902870346
2.275,-0.95948531264568,0.587466957698165,0.372018354947512,-0.528573999131448,0.382982123147473,0.145591875983975
2.28,-0.124392827306107,-0.768699924079474,0.893092751385581,-0.137126195518334,-0.389245667667989,0.526371863186323
2.285,0.959366010378125,-0.587508519832876,-0.371857490545246,0.528695520504585,-0.383057341984055,-0.145638178520531
2.29,0.124647767587845,0.768662533920523,-0.893310301508369,0.137017147750954,0.389315918992272,-0.526333066743228
2.295,-0.959749228463831,0.587622527097071,0.372126701366757,-0.528600999745106,0.38299345850756,0.145607541237545
2.3,-0.124145662902647,-0.768849544609891,0.892995207512539,-0.137095474111878,-0.389259622018949,0.526355096130827
2.305,0.959139424467901,-0.587367301397928,-0.371772123069971,0.528661877268562,-0.383041155510695,-0.145620721757867
2.31,0.124850444238866,0.768531943807812,-0.893382388046678,0.137052871592198,0.389297928205222,-0.526350799797421
2.315,-0.959925207771691,0.587740525273032,0.372184682498655,-0.528637943947791,0.383012797280276,0.145625146667515
2.32,-0.123998593359885,-0.768953278505295,0.892951871865181,-0.137058165897538,-0.389279836697389,0.526338002594927
2.325,0.95902288199846,-0.587279191507022,-0.371743690491435,0.528625035560742,-0.383020540021521,-0.145604495539221
2.33,0.124935443569889,0.768460491143493,-0.893395934713383,0.137088462471202,0.389277377673334,-0.526365840144536
2.335,-0.959978242479115,0.587794620440888,0.372183622038224,-0.528671564131699,0.383032838020126,0.145638726111574
2.34,-0.123977368813623,-0.768989648096999,0.892967016910623,-0.13702715611274,-0.389298954306566,0.526326110419306
2.345,0.959032766724115,-0.587260590966934,-0.371772175757179,0.528597182921928,-0.38300271813232,-0.145594464789608
2.35,0.124895657774109,0.76845939239727,-0.89335505017138,0.137112713800756,0.389261175618268,-0.526373889419025
2.355,-0.959910223882483,0.587778775895275,0.372131447987205,-0.528691878878462,0.383047150636308,0.145644728242154
2.36,-0.124071545669485,-0.768957685669438,0.893029231338924,-0.1370110013922,-0.389311166624038,0.526322168016238
2.365,0.959150679722114,-0.587307607295556,-0.371843072426555,0.528585300207453,-0.382992755840484,-0.14559254436697
2.37,0.124756716393751,0.768520191516407,-0.893276907910157,0.137120320477485,0.389253551396397,-0.526373871873882
2.375,-0.959753183988972,0.587705638597184,0.372047545391785,-0.528695307018341,0.383052409202954,0.145642897815387
2.38,-0.124243595670685,-0.768873793400468,0.893117389071154,-0.137011561742822,-0.389314089529454,0.526325651272276
2.385,0.959334555056576,-0.587400568030772,-0.371933987025801,0.528589577620024,-0.382992085395709,-0.145597492224315
2.39,0.124564237404979,0.768620465785811,-0.89318470319079,0.137112665921709,0.389255002667456,-0.526367668589165
2.395,-0.959555304288342,0.587599840466866,0.371955463821473,-0.528684669590784,0.383049007788078,0.145635661802706
2.4,-0.124443742771195,-0.76876426398161,0.893208006752806,-0.137024748298544,-0.38930894285679,0.526333691155334
2.405,0.959533951308714,-0.587512062707398,-0.372021888601313,0.528604855206643,-0.382998747162774,-0.145606108043869
2.41,0.124368455711324,0.768732212825693,-0.893100668537018,0.137095764889564,0.389262932370473,-0.526358697260037
2.415,-0.959365813093842,0.587489477400412,0.371876335693426,-0.52866660803576,0.383040066048452,0.145626541987308
2.42,-0.124624482204434,-0.768656824627809,0.893281306832243,-0.137043525134147,-0.389299245755795,0.526342770889942
2.425,0.959703713095366,-0.58761515177075,-0.372088561324613,0.528623931282213,-0.38300894960954,-0.145614981672674
2.43,0.124211647311211,0.768829651285144,-0.893041298596355,0.137076766685688,0.38927340350066,-0.526350170186349
2.435,-0.959223674409474,0.587398853839142,0.371824820570329,-0.52864801817808,0.383029543770944,0.145618474407136
2.44,-0.124750498560059,-0.768574037634343,0.893324536194402,-0.137061428350147,-0.38928886602866,0.526350294378807
2.445,0.95981241820068,-0.587689226877289,-0.372123191323389,0.52864092504804,-0.383019020479809,-0.145621904568231
2.45,0.124121182357013,0.768894286706745,-0.893015469063758,0.137060848605651,0.389283028937182,-0.526343877542834
2.455,-0.959152125095443,0.587344239402023,0.371807885693417,-0.528633286494964,0.383020469502669,0.145612816992295
2.46,-0.124802701309639,-0.768529881816532,0.893332583126172,-0.137074915425349,-0.389280417902254,0.526355333327603
2.465,0.959845077606452,-0.587722625846234,-0.372122451760215,0.528653157025139,-0.383026797047234,-0.145626359977905
2.47,0.124108040317187,0.768916764690107,-0.893024805007294,0.137049840756424,0.389290115865446,-0.526339956621871
2.475,-0.959158263518107,0.587332718467929,0.371825545050175,-0.528623437768645,0.383014066052649,0.145609371715996
2.48,-0.124777718404544,-0.768529232343387,0.893306950747932,-0.137083695822691,-0.389274671336111,0.526358367158802
2.485,0.959801873727127,-0.587712604533151,-0.372089269193973,0.528660976972388,-0.383031929421257,-0.145629047551131
2.49,0.124168665179183,0.768896381841602,-0.893065047020785,0.137042865092488,0.389294688167384,-0.526337553259873
2.495,-0.959235343341288,0.58736305134146,0.371872291999824,-0.528617190467721,0.383009993076491,0.14560719739123
2.5,-0.124685305786119,-0.768569007519021,0.893254313305141,-0.137089322496701,-0.389271035050314,0.526360357547015
2.505,0.959695397181075,-0.587663985227238,-0.372031411953834,0.528666075531291,-0.383035189057396,-0.145630886473895
2.51,0.124287799297253,0.768839601502264,-0.893127400799517,0.137038223245385,0.389297624542134,-0.52633584778752
2.515,-0.959365600457122,0.587427230071318,0.371938370385801,-0.528612959558552,0.383007336707497,0.145605622851055
2.52,-0.12454557880456,-0.768639747821979,0.89318532662654,-0.137093159605045,-0.389268628341592,0.526361787946637
2.525,0.959547961606439,-0.587587588809381,-0.371960372797054,0.528669505934781,-0.383037361561519,-0.145632144373262
2.53,0.124441085595755,0.768758517182376,-0.893199602778132,0.137035242267007,0.389299562288137,-0.526334804555145
2.535,-0.95952279603754,0.587511977762421,0.372010818275116,-0.528610498723814,0.383005650513236,0.145604848210578
2.54,-0.124386484140741,-0.768727085216315,0.893113569357057,-0.13709500489402,-0.389267226081543,0.526362230975563
2.545,0.959389029954468,-0.587498776415951,-0.371890253538514,0.528670620251743,-0.383038433409518,-0.145632186842225
2.55,0.124597759318844,0.768669376361945,-0.893267135680789,0.13703498856933,0.389300245415079,-0.52633523398441
2.555,-0.959675105459313,0.587600278912315,0.372074826546994,-0.528611242809415,0.383005423312568,0.145605819496847
2.56,-0.124240633220664,-0.768813368647705,0.89305400186837,-0.137093125675407,-0.389267527427272,0.526360653102679
2.565,0.959251693820238,-0.587415685891789,-0.371836007928446,0.528667476025901,-0.383037529365965,-0.145629946659936
2.57,0.12472458989913,0.768590637088958,-0.893315226988088,0.137039512517053,0.389298667118597,-0.526338179635651
2.575,-0.959789534313273,0.58767354047423,0.37211599383904,-0.528617238634897,0.383007740615847,0.14560949801905
2.58,-0.124140377594213,-0.7688800738303,0.893020451424515,-0.1370855951926,-0.389270637576891,0.526356232769491
2.585,0.959167227761104,-0.587356551435184,-0.371810676325917,0.528658383442626,-0.383033587300486,-0.14562479614214
2.59,0.124791835454298,0.768540006532607,-0.893331841986905,0.13705015444999,0.389293872279922,-0.526344026729912
2.595,-0.959838343098043,0.587714831950829,0.372123511147211,-0.528629373423975,0.383013387985578,0.145615985438396
2.6,-0.124110979651537,-0.768911305448549,0.893022285100087,-0.137072069863294,-0.389277113925326,0.52634918378862
2.605,0.959157947540845,-0.587335970477839,-0.371821977063003,0.528643616212895,-0.383026330272197,-0.145617285940697
2.61,0.124780579954486,0.768530522747613,-0.893311102702099,0.137065969747493,0.389285908208136,-0.526351877955629
2.615,-0.959806440405586,0.587712928968418,0.372093511437166,-0.528646000525286,0.383021960422729,0.145624040102557
2.62,-0.124163321574539,-0.768897893539489,0.893061215114029,-0.137054905319637,-0.389286172201129,0.526341077520767
2.625,0.959230193720638,-0.587360838011763,-0.371869355708873,0.528626220892076,-0.383016930462617,-0.145609290429459
2.63,0.124689293254649,0.768566611959307,-0.893255905213956,0.137083263967809,0.389276330050668,-0.526359594018478
2.635,-0.95969730124459,0.587666034722314,0.372031266522272,-0.528662844736456,0.383031538506097,0.145631306230358
2.64,-0.124288811672407,-0.768840792289739,0.893129603962146,-0.137038868030466,-0.389295560840255,0.526334428870721
2.645,0.959370237106791,-0.587427371666641,-0.371942865440148,0.528611345844572,-0.383007926782131,-0.145603419062441
2.65,0.124536766622126,0.768641635251245,-0.893178401873371,0.137096632919881,0.389267907812698,-0.52636454073258
2.655,-0.959534603940781,0.587583620774809,0.371950983165969,-0.528674385046927,0.383039187235428,0.145635197811499
2.66,-0.124459160103647,-0.768752227479277,0.893211387582924,-0.137029448096967,-0.389302253845743,0.52633170194271
2.665,0.959545550838963,-0.58752072538199,-0.37202482545697,0.52860429834667,-0.383002356554918,-0.145601941791751
2.67,0.124359294618918,0.768738315345756,-0.893097609964674,0.137101103548485,0.389263607237424,-0.52636471078591
2.675,-0.959357853286182,0.587485153218804,0.371872700067376,-0.528676128774416,0.383042096037513,0.145634032736903
2.68,-0.124632288379377,-0.768653561467108,0.893285849846485,-0.137030521513218,-0.389303677483647,0.526334198996866
2.685,0.959712186983844,-0.587617978675871,-0.37209420830797,0.528608215539137,-0.383002479485711,-0.145605736053426
2.69,0.124201935996335,0.768832551543544,-0.893034487539879,0.137094381682517,0.389265303726603,-0.52635968540912
2.695,-0.959212420890103,0.587395502291165,0.371816918598936,-0.528666707423396,0.383038834934192,0.145627872489204
2.7,-0.124763332951062,-0.768569998561148,0.893333331512211,-0.137042472524468,-0.389298897200123,0.526341369724592
2.705,0.95982661662544,-0.587694044624202,-0.372132572001235,0.528622464970329,-0.383008697458584,-0.145613767511744
2.71,0.1241060706155,0.768899832352371,-0.893005902967871,0.137078121575637,0.389272843258072,-0.526350964833709
2.715,-0.959136753132232,0.587338149169767,0.371798603962461,-0.528648774417767,0.383030122247118,0.145618652170649
2.72,-0.124817517919215,-0.768523547783458,0.893341065702674,-0.137061698473852,-0.389289188776053,0.526350887249905
2.725,0.959858407348053,-0.587728805420607,-0.372129601927443,0.528642570751996,-0.383019199243244,-0.145623371508753
2.73,0.124097193672955,0.768922318104917,-0.893019511777873,0.137057572290712,0.389283915817123,-0.526341488107835
2.735,-0.959150907104712,0.587328309323449,0.371822597781261,-0.528628230595021,0.38301871640228,0.145609514192741
2.74,-0.124780620793118,-0.768526503082712,0.893307123875831,-0.137081786163761,-0.389277696316185,0.526359482479946
2.745,0.95979945417569,-0.58771313040464,-0.372086323771048,0.528661760913964,-0.383030528440607,-0.145631232473357
2.75,0.124177129916704,0.768894222061973,-0.893071351978677,0.137039701045668,0.389294834733959,-0.526334535779628
2.755,-0.959250388683223,0.587368310275302,0.371882078407918,-0.528612069459654,0.383008445933,0.145603623526654
2.76,-0.124663368118794,-0.76857768552636,0.893241053645155,-0.137095885570182,-0.389268297856237,0.526364183426419
2.765,0.959666506367922,-0.587651682985434,-0.372014823382485,0.528673494863349,-0.383038851297449,-0.1456346435659
2.77,0.124323435692705,0.768823601329666,-0.893147037022372,0.137030581346301,0.38930190319135,-0.526332484537652
2.775,-0.959407499420434,0.587446858817142,0.371960640603289,-0.528605752273952,0.383002781703223,0.145602970570729
2.78,-0.124498172069168,-0.768662786716887,0.893160958786056,-0.137099276519379,-0.389264155307391,0.52636343182677
2.785,0.959496059333606,-0.587561507435738,-0.371934551897865,0.528673902735637,-0.38304138964669,-0.145632513088947
2.79,0.124496238306681,0.76872990454645,-0.893226142853132,0.137033145876362,0.38930279141186,-0.526335937288223
2.795,-0.959579755228057,0.587542478315431,0.372037276912623,-0.528611212084603,0.383003552233043,0.14560765985156
2.8,-0.124329318980259,-0.768758714982903,0.893088033963163,-0.137091062284819,-0.38926655612609,0.526357618410909
2.805,0.959333366690874,-0.587466869925781,-0.37186649676509,0.528663134412246,-0.383037422937335,-0.145625711474911
2.81,0.124650159887093,0.768638113770389,-0.893288273657482,0.13704621413493,0.38929735712451,-0.52634357125944
2.815,-0.959722487425241,0.587629937727224,0.372092549698014,-0.528626279192443,0.383010324700604,0.145615954491839
2.82,-0.124199961603754,-0.768840455678629,0.893040417282384,-0.137074336439773,-0.389274509837353,0.526348846277126
2.825,0.959219301427574,-0.587392114454828,-0.371827186972744,0.528645120272486,-0.383028468301854,-0.145616651970632
2.83,0.12474731322944,0.768571468424238,-0.893318781653678,0.137065125035517,0.389287600624268,-0.526352725659785
2.835,-0.959801429493429,0.587687507263857,0.372113922229569,-0.528645683755799,0.383020670263834,0.145625013491965
2.84,-0.12414019340458,-0.768888157102915,0.893028350507495,-0.137054843316816,-0.389285223132704,0.526340066449521
2.845,0.959179323437138,-0.587354889535237,-0.371824433901898,0.528625936357527,-0.383017611846981,-0.145608324510546
2.85,0.124767233628188,0.768545137713247,-0.893312371341435,0.137083618195697,0.389276823602349,-0.526360441798047
2.855,-0.959801369940068,0.58770271975067,0.372098650189395,-0.528663129047555,0.383031152262854,0.145631976784701
2.86,-0.124159820520561,-0.768892220315563,0.893052040836124,-0.137038771226816,-0.389295206219855,0.526333977446671
2.865,0.95921778716387,-0.587361817992391,-0.371855969171475,0.528611524702479,-0.383008315597066,-0.145603209105413
2.87,0.124710961236986,0.768562719274553,-0.89327368051154,0.137096125446762,0.389268382420924,-0.526364507867687
2.875,-0.959728587505008,0.587674993808836,0.372053593696168,-0.528673535105965,0.383038592958563,0.145634942147402
2.88,-0.124247574073377,-0.76885501528871,0.893102589362087,-0.137030613355242,-0.389301526276978,0.526332139632221
2.885,0.959318766261902,-0.587407696232443,-0.371911070029455,0.528605710921428,-0.383003209324687,-0.145602501596741
2.89,0.124598672656829,0.768616342276298,-0.893215014933127,0.137099550323138,0.389264555055765,-0.526364105378903
2.895,-0.959607038151637,0.587614657511279,0.371992380640355,-0.528674576111609,0.383041104612645,0.145633471498964
2.9,-0.124376241575799,-0.768789079486701,0.893165321062501,-0.137031903731392,-0.389302713330939,0.526334617062332
2.905,0.959452354210807,-0.587478056787683,-0.371974297423122,0.52860923616287,-0.383003328905826,-0.145605907257044
2.91,0.124462378838634,0.7686899134779,-0.893152292316535,0.137093926439987,0.389265938112224,-0.526359864552211
2.915,-0.959470233029495,0.587539107702767,0.371931125326725,-0.528667024463968,0.383038524250189,0.145628500213779
2.92,-0.124511418400955,-0.768712780194084,0.89322419859504,-0.137041183225692,-0.389299022214381,0.526340205440073
2.925,0.959583850582103,-0.587553899275486,-0.372029951306614,0.528620020537042,-0.383008026817998,-0.145611993719043
2.93,0.124336498081271,0.768764134373613,-0.893100632454885,0.137081877014152,0.389271524681721,-0.526353401695873
2.935,-0.959351759787902,0.587467614538698,0.371884145249201,-0.528653960471682,0.383032177964344,0.145621782507337
2.94,-0.124620858180465,-0.768645046852724,0.893265905033189,-0.137055006693556,-0.389292052528089,0.526347059221646
2.945,0.959682815859959,-0.587616928233593,-0.372065887626362,0.528634349526073,-0.383015479596471,-0.145618869929602
2.95,0.124249248326762,0.768821613358814,-0.893070861685578,0.137067290027216,0.389279319499755,-0.526346609526971
2.955,-0.959277255300782,0.587416422819998,0.37186083248078,-0.528639351848519,0.383024179870609,0.14561517197791
2.96,-0.124681806406683,-0.768600764214604,0.893282570621287,-0.137069415826175,-0.389283984884894,0.526353400711069
2.965,0.959729619399989,-0.587653800515454,-0.372075818884531,0.528648356625366,-0.383023490508401,-0.145624866116964
2.97,0.124216954978113,0.768850697537834,-0.893067652515947,0.137053866335786,0.389287156869217,-0.526341023205003
2.975,-0.959259617605962,0.587395379948121,0.371864237657837,-0.528626669965905,0.383016621773668,0.145610048192237
2.98,-0.124684857194577,-0.768587892156853,0.893272749351431,-0.137081221510533,-0.389276799523982,0.526358021034515
2.985,0.959718357746833,-0.587658493388564,-0.372059864358265,0.528659176039424,-0.383030222695906,-0.145628953343517
2.99,0.124242059720234,0.768847319874808,-0.893089379595043,0.137044119316013,0.389293368819843,-0.526337488135856
2.995,-0.959297914053363,0.587406607983325,0.371891306070035,-0.528618058485685,0.383010983787192,0.145607074698494
3,-0.12463418789854,-0.768606645598246,0.893240833496786,-0.137088655805401,-0.389271776278736,0.526360432084137
3.005,0.959656285976708,-0.587632636562754,-0.372023649413952,0.528665411114571,-0.383034602684877,-0.145630808429694
3.01,0.12431442913217,0.768814870136434,-0.893129299268604,0.137039088072382,0.389297088362316,-0.526336176434699
3.015,-0.959379359712095,0.587445061011417,0.371934298700675,-0.528614220641706,0.383007931685057,0.145606288956649
3.02,-0.124544985467131,-0.768650442978912,0.893195428446044,-0.137091323265664,-0.389269389673819,0.526360712939483
3.025,0.959560725473919,-0.587584212850092,-0.371976512623824,0.528666941355022,-0.383036333342722,-0.1456306080123
3.03,0.124414888803795,0.768762586700563,-0.893177475504358,0.137038654057069,0.389298178888251,-0.52633683294532
3.035,-0.959483218479454,0.587500399617459,0.371982818861991,-0.52861483614085,0.383007460510518,0.145607375630331
3.04,-0.124439249958665,-0.768708004948742,0.893147254907408,-0.137089708835565,-0.389269513313518,0.526359222149083
3.045,0.959454639239737,-0.587525275927115,-0.37192936331262,0.528664380931463,-0.383035642106083,-0.145628738825381
3.05,0.124519814329377,0.768703129309314,-0.893222943638691,0.137042106341917,0.389296949040499,-0.526339055382416
3.055,-0.959585504207237,0.587559527261226,0.372025976946007,-0.528619125743048,0.383009198938431,0.145609926804616
3.06,-0.124341033578018,-0.768765966994953,0.893107000572972,-0.137084636464007,-0.389271729767331,0.526356366231338
3.065,0.959361855678713,-0.587469291168105,-0.371892564510605,0.528658580291435,-0.383032978387152,-0.145625601904283
3.07,0.124605883464947,0.768649899926032,-0.893255783390979,0.137048580525851,0.389293868905682,-0.526342449431534
3.075,-0.959663674126973,0.587609265816296,0.372054408310673,-0.528626217978667,0.383012664486205,0.145613553492462
3.08,-0.124271836842243,-0.768811530481359,0.893083367323604,-0.137076983193379,-0.389275549346426,0.526352532539805
3.085,0.959302582317938,-0.587428527717985,-0.37187405459995,0.528650425427251,-0.383028836891348,-0.145621588535903
3.09,0.124654418819886,0.76861449472189,-0.893268913541776,0.137057174148634,0.389289438788299,-0.526346612936933
3.095,-0.959700802887502,0.587638828166675,0.372061974720823,-0.528635183172194,0.383017348248567,0.145617834923627
3.1,-0.124246628178954,-0.768834845104553,0.893081473283507,-0.137067718842815,-0.389280449583321,0.526348168426136
3.105,0.959289644707406,-0.587411780614983,-0.37187786409242,0.528640940272438,-0.38302376002565,-0.145617180246787
3.11,0.124654902703395,0.768604545370243,-0.893259448073638,0.137066795328804,0.389284228224389,-0.526351023553194
3.115,-0.959688822513488,0.587641842634521,0.372046979878964,-0.528644848968881,0.383022646195372,0.14562220277351
3.12,-0.124270909343043,-0.76883088316775,0.893101792510794,-0.137058106343917,-0.389285785056023,0.52634389139994
3.125,0.959325889474775,-0.587422663453161,-0.371903226021612,0.52863148500684,-0.383018440412577,-0.145613044594262
3.13,0.124607202721364,0.768622196340599,-0.893229399061964,0.137075984264855,0.389278981181675,-0.52635496544653
3.135,-0.959630342068863,0.58761767257695,0.37201266949191,-0.52865365855569,0.383027761037411,0.145625897518279
3.14,-0.124339336345892,-0.768800537072746,0.893139873418639,-0.13704979145078,-0.389290705758954,0.526340497209734
3.145,0.959403279579669,-0.587458752116054,-0.371944527463613,0.528623780547437,-0.38301377728314,-0.145610003264297
3.15,0.124521970556074,0.768663508595959,-0.893185479152034,0.137082964368608,0.389274639557068,-0.526357603925676
3.155,-0.959538512205515,0.587571734974251,0.37196677723126,-0.528659804639553,0.383031717892626,0.145628086746927
3.16,-0.124436412673361,-0.768750644109173,0.893187056782535,-0.137044582198273,-0.389294216545766,0.52633879874404
3.165,0.959504162736705,-0.587511867477893,-0.37199229525881,0.528619601413427,-0.383010770500667,-0.145608830912759
3.17,0.124418788322701,0.768719060337608,-0.893137848660309,0.137086032283993,0.389272189897174,-0.526358222181168
3.175,-0.959434584933118,0.587514574960208,0.371920009972906,-0.52866169498831,0.383033563595438,0.145628131392872
3.18,-0.12453950774764,-0.768692734140476,0.893232241888116,-0.137043918633462,-0.389295419170104,0.526339337803567
3.185,0.959604849166195,-0.587569651503521,-0.372035197662671,0.528620194613453,-0.383010241019281,-0.145609953594172
3.19,0.124322061676643,0.768775838141254,-0.893097899817898,0.137084173327039,0.389272353356099,-0.526356526683139
3.195,-0.959343319263498,0.587459674475103,0.371883644788391,-0.528658583598157,0.383032698697088,0.145625884901068
3.2,-0.12462388552334,-0.768640559180511,0.893264444703851,-0.137048245976589,-0.389293856442136,0.526342102418725
3.205,0.959681009988625,-0.587618289239821,-0.372062720748801,0.528625677966174,-0.383012485303729,-0.145613192662444
3.21,0.12425532661519,0.76882017675033,-0.893075503365521,0.1370776171112,0.389275249991356,-0.526352867102557
3.215,-0.959287077748823,0.587420334390979,0.371866743357841,-0.528651060025617,0.383029191812167,0.145621868213449
3.22,-0.124668725458036,-0.768606842620871,0.893275568078907,-0.137056610465004,-0.389289793948526,0.526346404413531
3.225,0.959713716365452,-0.587645842512953,-0.372067873852496,0.52863473798512,-0.383017036902507,-0.145617701082613
3.23,0.12423529619496,0.768841121777638,-0.893076417972599,0.13706802337237,0.38928021332173,-0.526348236694101
3.235,-0.959280065664009,0.587406339677157,0.371873725986848,-0.528641107805519,0.383023903702003,0.145617204103516
3.24,-0.124662583956647,-0.76860003096195,0.893262614918598,-0.13706673590924,-0.389284276022437,0.526351011931677
3.245,0.959694496742779,-0.587645352332689,-0.372049144410087,0.528644845120417,-0.383022683475688,-0.14562216164473
3.25,0.124267307811545,0.768833327641666,-0.893100635453211,0.137058128369142,0.389285883175256,-0.526344011544398
3.255,-0.959324376227935,0.587421322507581,0.371903053720351,-0.52863161691634,0.38301831797317,0.14561329894317
3.26,-0.124606667002662,-0.768621971179931,0.893228638182593,-0.13707563671659,-0.389278881601901,0.526354518318491
3.265,0.959627854492323,-0.587616798704248,-0.372011055788072,0.528652980001355,-0.383027781929557,-0.145625198071798
3.27,0.124343620096163,0.768798611871437,-0.8931422319676,0.137050921196434,0.389290585819159,-0.526341507015593
3.275,-0.95940914663316,0.58746164916015,0.371947497473007,-0.528625481502535,0.38301410394993,0.145611377552605
3.28,-0.124514786683539,-0.768667266566837,0.893182053250377,-0.137080577353869,-0.389275239889193,0.526355817243062
3.285,0.959530325929525,-0.587567256874208,-0.371963069055313,0.528656626726861,-0.383030778667582,-0.145625848059279
3.29,0.124445246648888,0.768745613836909,-0.893190860485798,0.137048641313289,0.389292877616113,-0.526341518929402
3.295,-0.959513258804444,0.58751725863602,0.371996000168421,-0.52862461345325,0.383012562967098,0.145612050486152
3.3,-0.124409835828599,-0.768724602597465,0.893134438426065,-0.137080017618039,-0.389274480417563,0.526354498035603
3.305,0.959426189767348,-0.587509104189257,-0.371917085578088,0.528654652733917,-0.383030741848233,-0.145623910885684
3.31,0.12454693645877,0.768687563878153,-0.893234500336923,0.137051986790798,0.389292046023893,-0.526344032814691
3.315,-0.959610919982874,0.587574292672985,0.372036627309885,-0.528629259300689,0.3830141715064,0.145615087794289
3.32,-0.124317709531463,-0.768779729202957,0.893097438734421,-0.137074169310362,-0.38927683213189,0.526351001442252
3.325,0.959341003434451,-0.587456739793188,-0.371884263641261,0.528647724518843,-0.383027695953789,-0.145620028565054
3.33,0.124623902074115,0.768638765427934,-0.893262667502048,0.137059850419128,0.389288369100113,-0.526348219519241
3.335,-0.959678529224393,0.587618785791621,0.372059743432768,-0.528637895090062,0.383018403536224,0.145619491553838
3.34,-0.124260429219826,-0.768819254020763,0.89307968324059,-0.137064939785808,-0.389281532236672,0.52634647202248
3.345,0.959294846579612,-0.587422759222533,-0.371872087357077,0.528638090962498,-0.383022624008757,-0.145615466953741
3.35,0.124658330583803,0.768610809065567,-0.89326913964937,0.137069691137858,0.38928302865709,-0.526352719794948
3.355,-0.95970082225285,0.587640341137668,0.372060481115179,-0.528647743162253,0.383023904263572,0.145623838898681
3.36,-0.124250476542865,-0.768834139956437,0.893084616499303,-0.137055282868915,-0.38928708248476,0.526342365353675
3.365,0.959297235976969,-0.587414699396982,-0.371882536579985,0.528628818257068,-0.383017135202641,-0.145611683054427
3.37,0.124643797826803,0.768609619089102,-0.893253416915905,0.137078395996994,0.389277710130594,-0.526356106127588
3.375,-0.959674539096999,0.587634729746348,0.372039809350648,-0.528655709656676,0.383028948041174,0.145626761615501
3.38,-0.124287932387329,-0.768821905197479,0.893109837584808,-0.137048208801049,-0.389291753523799,0.526339962324848
3.385,0.959345114615326,-0.587433274583307,-0.371911840032015,0.528622771306359,-0.383012926479989,-0.14560984482637
3.39,0.124586403131915,0.768634153159936,-0.893220556291852,0.137083302942039,0.389274043178478,-0.526357346120517
3.395,-0.959608674145295,0.587604708990261,0.372003965155031,-0.528659387411872,0.38303200534873,0.145627382063141
3.4,-0.124361102575378,-0.768786951234817,0.893148053810195,-0.137045824372443,-0.389294146066169,0.526339970438612
3.405,0.959424327294407,-0.587472537600982,-0.371951789693422,0.528621718525387,-0.383011240199974,-0.145610478325413
3.41,0.124502485709287,0.76867704202453,-0.893179527733818,0.137083011762363,0.389273090479668,-0.526356102242031
3.415,-0.959521441218128,0.587558924150458,0.371962517067667,-0.528657765596215,0.383032211561618,0.145625554034597
3.42,-0.124450234134544,-0.768739034027212,0.893189268161757,-0.13704873876805,-0.38929360722347,0.52634234599152
3.425,0.959513936751319,-0.587521803051533,-0.371992133699784,0.528625864116814,-0.383012508715062,-0.145613355401752
3.43,0.124413799682859,0.768726864341548,-0.893140664024407,0.137077717837032,0.389275059997535,-0.526352777834567
3.435,-0.95943503817518,0.587509330517631,0.371925707657546,-0.528651425438346,0.383029582071471,0.145621843366875
3.44,-0.124533057522839,-0.768690436139083,0.893223493661923,-0.137056006377735,-0.389290369998463,0.526346376376198
3.445,0.959591966211936,-0.587568668666428,-0.372023297545506,0.528633926528639,-0.383016291577954,-0.145617634950685
3.45,0.124341678385103,0.768771302915418,-0.893112981300521,0.137069004155533,0.389279318044159,-0.526348322199693
3.455,-0.959369823715794,0.587467961744814,0.371901861970977,-0.528642211815999,0.383024926035613,0.145617285780386
3.46,-0.124590495238528,-0.76865271879881,0.893243214037339,-0.137065563928028,-0.389285398218509,0.526350962146537
3.465,0.959640896803715,-0.587602221947177,-0.372038674856535,0.528643670376642,-0.383021493527384,-0.145622176849258
3.47,0.12430183756764,0.768800255053823,-0.893102092621463,0.137059230302764,0.389284662971356,-0.52634389327412
3.475,-0.959339501984633,0.587443967148151,0.37189553483648,-0.528632560131849,0.38301952527376,0.145613034858089
3.48,-0.124611024923635,-0.768633953757706,0.893244978681343,-0.137074947947055,-0.389280027132329,0.526354975079384
3.485,0.959651518300053,-0.58761557205939,-0.372035946240661,0.528652650199401,-0.383026752532161,-0.14562589766724
3.49,0.124301085583059,0.768808092327188,-0.893109177910248,0.137050780256954,0.389289731926748,-0.526340512183703
3.495,-0.959348430350455,0.587441653730446,0.371906776620005,-0.528624752836202,0.38301471872479,0.145610034111412
3.5,-0.124592749336291,-0.768637090222217,0.893229839558509,-0.137082013440876,-0.389275548738585,0.526357562179461
3.505,0.959624364073759,-0.587607141520545,-0.372017222553211,0.528658889727298,-0.383030844440954,-0.145628045286343
3.51,0.124336524715712,0.768794601043877,-0.89313112575959,0.137045435349473,0.389293387059247,-0.52633882240872
3.515,-0.959391447375625,0.587459900265291,0.371931547110331,-0.52862035540338,0.383011542193716,0.145608813209664
3.52,-0.124542961517218,-0.768659720636756,0.893202682153975,-0.137085426324382,-0.389272883926565,0.526358310250948
3.525,0.959568698365051,-0.587580557397094,-0.371988140967954,0.528661296461019,-0.383032973187871,-0.145628323273147
3.53,0.124397104717669,0.7687645444404,-0.893161649158069,0.137044041450278,0.389294964066582,-0.526339005516861
3.535,-0.959455923083093,0.587492905325689,0.371963017757401,-0.528619966883698,0.383010524176707,0.145609442706991
3.54,-0.124475647637652,-0.768695115985426,0.893170763623079,-0.137084830103814,-0.389272424103854,0.526357254207669
3.545,0.95949962663612,-0.587543355177404,-0.371956271458714,0.528659748227726,-0.383032883173368,-0.145626865054358
3.55,0.124466847227649,0.768726135003177,-0.893192982230825,0.137046498078128,0.389294339559811,-0.52634083763794
3.555,-0.959525258281218,0.58753191509107,0.371993343190145,-0.528623278659187,0.383011661482127,0.14561161717706
3.56,-0.12440777366577,-0.768734120821348,0.893141894487118,-0.137080724765035,-0.389274046849866,0.526354771614901
3.565,0.959434229120067,-0.587504950274672,-0.371929278845392,0.528654917958052,-0.383030807299799,-0.145624110658253
3.57,0.12452880539077,0.768688906510925,-0.893217711901695,0.137051978858547,0.389291847110141,-0.526343825968688
3.575,-0.959582879171645,0.587567417050223,0.372015462121419,-0.52862933095125,0.383014530425689,0.145614800525561
3.58,-0.124355311474929,-0.768767379778323,0.893122691253253,-0.137074183399399,-0.38927724935962,0.526351432759019
3.585,0.959387660285527,-0.587474410441074,-0.37191324984445,0.528647972336842,-0.383027316344963,-0.14562065599188
3.59,0.124568841929918,0.768661515549507,-0.893230357479426,0.137059242508486,0.389288114413827,-0.526347356922313
3.595,-0.959615847736707,0.587591281062248,0.372024566674456,-0.528636825875155,0.38301845714199,0.145618368733165
3.6,-0.124329837222705,-0.76878739496324,0.893117232185946,-0.137066543691235,-0.389281321872413,0.526347865563649
3.605,0.959369992771464,-0.587458506041512,-0.371911486729948,0.528640273358133,-0.383023146293966,-0.145617127064167
3.61,0.124578507233702,0.768649921089697,-0.8932284283234,0.137066916857951,0.389283894696882,-0.526350811554833
3.615,-0.959617433804417,0.587598431261613,0.372019002542801,-0.528644393885643,0.383022679417214,0.145621714468429
3.62,-0.124336289022706,-0.768790032579999,0.893126321602706,-0.137059161012453,-0.389285500704631,0.526344661717084
3.625,0.959384324258689,-0.58746038303347,-0.371923941225216,0.528633151795907,-0.38301905548813,-0.145614096307776
3.63,0.124556567969199,0.768656248984486,-0.893212816953685,0.137073705194185,0.3892799347947,-0.526353639988885
3.635,-0.959588267861759,0.587587780489878,0.372000487371878,-0.528650781017652,0.383026467516385,0.145624313501266
3.64,-0.124372197296397,-0.768775249038717,0.893147446335114,-0.137053238477972,-0.389289078341272,0.526342316819244
3.645,0.959426394539931,-0.587479050191155,-0.371947344348773,0.528627752208452,-0.383015724476043,-0.145612027732408
3.65,0.124509003462363,0.768678495355767,-0.89318749881813,0.137078528997146,0.389276883813908,-0.526355412811054
3.655,-0.959535954703521,0.58756231004576,0.371973644657758,-0.528654982189175,0.383029208075228,0.145625774113946
3.66,-0.124428446442684,-0.768746955225563,0.893175401668248,-0.137049700308118,-0.389291481368554,0.526341181676672
3.665,0.959485711536841,-0.587509726884579,-0.371975984652259,0.528624910445954,-0.383013682540488,-0.145611227905466
3.67,0.124447529836973,0.768711080969424,-0.893158610806397,0.137080648391219,0.389275222711573,-0.526355871102792
3.675,-0.959473265742851,0.587528316168709,0.371944949574139,-0.528656361158317,0.383030472687124,0.145625888471193
3.68,-0.124491392851102,-0.768712073285248,0.89320346613635,-0.137049071491002,-0.38929233817287,0.526341409663872
3.685,0.959547954679589,-0.587544964589075,-0.372002990090511,0.528625032805731,-0.383013240282464,-0.145611792523267
3.69,0.124386939618862,0.768746137681235,-0.893133077300097,0.137079782834507,0.389275196948067,-0.526354979782574
3.695,-0.959415253248198,0.587493973925234,0.371921279322961,-0.528654769603069,0.383030084974434,0.145624684628634
3.7,-0.124545941223657,-0.768678967970743,0.8932249091944,-0.137051362521757,-0.38929154509882,0.526342907620578
3.705,0.959598204012926,-0.587576329151716,-0.372021874861207,0.528627987482919,-0.383014425432802,-0.145613562050117
3.71,0.124341760330021,0.768775283711076,-0.893117044041097,0.137076209487215,0.389276755711575,-0.526352965198791
3.715,-0.959375839506641,0.587467491088958,0.37190834841768,-0.528650631397529,0.383028176172035,0.145622455225494
3.72,-0.124578979986804,-0.768655553222381,0.893234533209186,-0.137056003412183,-0.389289314793924,0.526345318206107
3.725,0.959624353814141,-0.587596316795791,-0.372028037018346,0.528633061165051,-0.383016943978616,-0.145616117186435
3.73,0.124322910002337,0.76879153659166,-0.893114446593997,0.137070779816099,0.389279524840027,-0.526350304656126
3.735,-0.959364589161264,0.587455224517946,0.371909364643314,-0.528644928474693,0.383025198094578,0.145619730380115
3.74,-0.124582444759306,-0.768647464443375,0.893229909202682,-0.137061892045833,-0.3892861728635,0.526348064909334
3.745,0.959619965541794,-0.587600099437262,-0.37201986610453,0.528639044437968,-0.383020201804158,-0.14561884263381
3.75,0.124335099261787,0.76879095002318,-0.893126049284967,0.137064795109622,0.389282848422589,-0.526347643532211
3.755,-0.959384408245313,0.58746017694275,0.371924231302559,-0.528639036177691,0.383021860320205,0.145617175857485
3.76,-0.124555283839282,-0.768656712806623,0.893211996645906,-0.137067599023021,-0.389282873076829,0.52635047209985
3.765,0.959585863481142,-0.587586690725747,-0.371999172755393,0.528644475730342,-0.38302341166755,-0.145621064062791
3.77,0.124375634977058,0.768773580304948,-0.893149215282006,0.13705972569971,0.389285917558495,-0.526345643258205
3.775,-0.959430770975849,0.587481247506207,0.371949523469638,-0.528634409084223,0.383018980685854,0.145615428398369
3.78,-0.124503790633747,-0.768681167139989,0.893184957773737,-0.137071710664355,-0.389280228796888,0.526351939461243
3.785,0.959530015509921,-0.587559221783816,-0.371970793726102,0.528648007519185,-0.383025778525101,-0.145622228994084
3.79,0.124434994883471,0.768743512322071,-0.893178507205542,0.137056828123779,0.38928796952693,-0.526344797650709
3.795,-0.959492746040993,0.587513459002426,0.371979287038564,-0.528632188902317,0.383017275722382,0.145614913179934
3.8,-0.124440137040642,-0.768715033774768,0.893155170815411,-0.137073222394768,-0.389278896939036,0.526352119333805
3.805,0.959465645095404,-0.587524213566047,-0.371941431529355,0.528648792587647,-0.383026717753794,-0.145622074833853
3.81,0.124499110558295,0.768707893161731,-0.893207003720027,0.13705677459961,0.389288503624465,-0.526345278224075
3.815,-0.959555640969938,0.587549149772564,0.372006491197371,-0.528632858253799,0.383017151922257,0.145615706331542
3.82,-0.124379407971093,-0.768750256679098,0.893129664650193,-0.137071852341734,-0.389279181092739,0.526351033434474
3.825,0.959407991100719,-0.587489989583016,-0.3719180015177,0.528646757194746,-0.38302603552686,-0.145620721667886
3.83,0.124552830577345,0.768675182303938,-0.893228012881283,0.137059427370899,0.389287440618746,-0.526346867989645
3.835,-0.959604632008021,0.587579858309093,0.372024773698925,-0.528636068691073,0.38301857127192,0.145617497419153
3.84,-0.124335864512183,-0.768778506448076,0.89311437096026,-0.137068154606969,-0.389280925631254,0.526349080238223
3.845,0.959370526184096,-0.587464615083494,-0.371905911100599,0.52864265186732,-0.383024003115104,-0.145618648752216
3.85,0.124583683375958,0.768653053107231,-0.893236736483189,0.13706385276798,0.389285163121001,-0.526349015888982
3.855,-0.959628444611436,0.587598424380334,0.372030020231099,-0.528640720501865,0.383021046401191,0.145619674100673
3.86,-0.124319408348495,-0.768793248644478,0.893112656992974,-0.137063374354449,-0.389283547174008,0.526346921528457
3.865,0.959361626418495,-0.58745389653683,-0.371907729881662,0.528637843551128,-0.383021289156464,-0.145616554394663
3.87,0.124584945574785,0.768646494135282,-0.893231439710068,0.137068588325874,0.389282412479949,-0.526351000805824
3.875,-0.959622107384029,0.587600753506447,0.372021353877578,-0.528645284007837,0.38302377733646,0.145621506671377
3.88,-0.124333189014742,-0.768791344013596,0.893124533028339,-0.137059078725621,-0.389286202456106,0.526345281181728
3.885,0.959382580095854,-0.58745997287405,-0.371922607221802,0.528633906289907,-0.383018763947625,-0.145615142342282
3.89,0.124557198476307,0.768656615655249,-0.893213814131557,0.137072083816817,0.389280069182892,-0.526352152999709
3.895,-0.959588048572846,0.587586775253702,0.372001273319141,-0.528648263016459,0.38302589046445,0.145622372552008
3.9,-0.124372984384758,-0.768773755852066,0.893146740236825,-0.137056680801287,-0.389288041663013,0.526344722464301
3.905,0.959427453562809,-0.587480870234971,-0.371946583327836,0.528632142734468,-0.383017237079342,-0.145614905655126
3.91,0.124507977269621,0.768680472959942,-0.893188450229564,0.137073172007515,0.389278887018837,-0.526352059026352
3.915,-0.959535269400863,0.587560349717447,0.371974919683412,-0.528648647852731,0.383026702202097,0.145621945650634
3.92,-0.124428485647513,-0.768745189525416,0.89317367517293,-0.137057013851785,-0.389288464349743,0.526345478201528
3.925,0.959484808859614,-0.587511121425044,-0.371973687434567,0.528633194567857,-0.383017214661405,-0.145615979906452
3.93,0.124449653904601,0.768711932229222,-0.893161586133824,0.137071414038024,0.389279268521958,-0.526350682559983
3.935,-0.959476867462443,0.587528172131631,0.371948695330808,-0.528646209577452,0.383025920698959,0.145620288878494
3.94,-0.124486087376689,-0.768712788372774,0.893198875749464,-0.137060094032522,-0.389287294199461,0.526347388231983
3.945,0.959540756171866,-0.587543254374344,-0.37199750179752,0.528636866534053,-0.383018754959438,-0.145618111574615
3.95,0.124396177385962,0.76874331599157,-0.893139493377532,0.137067211061003,0.389281153742542,-0.526348364803546
3.955,-0.95942662784734,0.587498000235416,0.371928627611921,-0.52864154576552,0.383023721961943,0.145617823803577
3.96,-0.124532385665706,-0.768684265610836,0.893216651276543,-0.137065140514052,-0.389284818877675,0.526349959391727
3.965,0.959582480631832,-0.587569722727635,-0.372012757904194,0.528642211068347,-0.38302146515886,-0.145620745909486
3.97,0.124359578443538,0.768767362613302,-0.89312694105684,0.137061657912745,0.389284053164326,-0.52634571107707
3.975,-0.959395617861393,0.587476699472333,0.371918918389057,-0.528635876578143,0.383020682035269,0.145615194542874
3.98,-0.124557437386479,-0.768665987180627,0.893223424567107,-0.137070831736487,-0.389281689300604,0.526352521037091
3.985,0.959601303169568,-0.58758475361455,-0.372016549555015,0.528647830585597,-0.383024632339581,-0.145623198246016
3.99,0.124347155011868,0.7687789747322,-0.893126129744068,0.137056201931116,0.389287205654629,-0.526343407585745
3.995,-0.959389661524055,0.587468621554358,0.371921039969693,-0.528630672484862,0.38301759585046,0.145613076634402
4,-0.124556959872616,-0.768661502224862,0.893218462097479,-0.137075700528037,-0.389278719467401,0.526354419995438
